tool,direction,entry_time,entry_price,exit_time,exit_price,exit_reason,hold_hours,stop_pct,leverage,notional,gross_pnl,fees,funding_cost,net_pnl,overlap_tag
SP-DONCH,1,2016-11-09 05:00:00+00:00,185.24635314941406,2017-03-21 04:00:00+00:00,203.01037136468838,structure_floor,3167.0,2.389312726339561,20,5000.0,479.47011947237644,1.0479470119472376,0.0,478.4221724604292,transfer-assumption
SP-DONCH,1,2017-04-25 04:00:00+00:00,206.32395935058594,2017-05-17 04:00:00+00:00,205.58873915342298,structure_floor,528.0,2.531969663163075,20,5000.0,-17.817130872175454,0.9982182869127825,0.0,-18.815349159088235,transfer-assumption
SP-DONCH,1,2017-05-25 04:00:00+00:00,209.10028076171875,2017-06-29 04:00:00+00:00,209.26463242652287,structure_floor,840.0,2.6182865606245014,20,5000.0,3.929972360759367,1.0003929972360759,0.0,2.929579363523291,transfer-assumption
SP-DONCH,1,2017-07-14 04:00:00+00:00,213.4226837158203,2017-08-10 04:00:00+00:00,213.52690125365714,structure_floor,648.0,2.2805037167132145,20,5000.0,2.4415759380010553,1.0002441575938004,0.0,1.441331780407255,transfer-assumption
SP-DIP,1,2017-08-10 04:00:00+00:00,211.85821533203125,2017-08-14 04:00:00+00:00,214.27435302734375,signal_exit,96.0,,10,2500.0,28.511258007222523,0.5028511258007222,0.0,28.008406881421802,in-sample-overlap
SP-DIP,1,2017-11-15 05:00:00+00:00,223.98483276367188,2017-11-16 05:00:00+00:00,225.8889617919922,signal_exit,24.0,,10,2500.0,21.25287909928899,0.5021252879099289,0.0,20.75075381137906,in-sample-overlap
SP-DONCH,1,2017-09-11 04:00:00+00:00,216.59498596191406,2018-02-05 05:00:00+00:00,234.08438313836797,structure_floor,3529.0,2.5199647435966597,20,5000.0,403.7350425907189,1.0403735042590718,0.0,402.6946690864598,transfer-assumption
SP-DIP,1,2018-02-02 05:00:00+00:00,241.8187713623047,2018-02-12 05:00:00+00:00,232.94309997558594,signal_exit,240.0,,10,2500.0,-91.75953687049366,0.4908240463129507,0.0,-92.25036091680661,in-sample-overlap
SP-DIP,1,2018-03-22 04:00:00+00:00,232.40406799316406,2018-03-29 04:00:00+00:00,231.94569396972656,signal_exit,168.0,,10,2500.0,-4.930787436248563,0.49950692125637514,0.0,-5.4302943575049385,in-sample-overlap
SP-DIP,1,2018-04-24 04:00:00+00:00,231.7958984375,2018-04-26 04:00:00+00:00,234.7310028076172,signal_exit,48.0,,10,2500.0,31.65612927043002,0.503165612927043,0.0,31.15296365750298,in-sample-overlap
SP-DIP,1,2018-05-29 04:00:00+00:00,237.11972045898438,2018-05-30 04:00:00+00:00,240.28390502929688,signal_exit,24.0,,10,2500.0,33.36062226485948,0.503336062226486,0.0,32.85728620263299,in-sample-overlap
SP-DIP,1,2018-09-07 04:00:00+00:00,254.63475036621094,2018-09-11 04:00:00+00:00,255.91859436035156,signal_exit,96.0,,10,2500.0,12.60476027225491,0.5012604760272255,0.0,12.103499796227686,in-sample-overlap
SP-DONCH,1,2018-05-10 04:00:00+00:00,239.7638397216797,2018-10-04 04:00:00+00:00,257.3971730938539,structure_floor,3528.0,4.767993665115621,17,4250.0,312.56450897155065,0.8812564508971551,0.0,311.68325252065347,transfer-assumption
SP-DIP,1,2018-10-05 04:00:00+00:00,255.98312377929688,2018-10-16 04:00:00+00:00,249.3838348388672,signal_exit,264.0,,10,2500.0,-64.45042980762524,0.49355495701923746,0.0,-64.94398476464448,in-sample-overlap
SP-DIP,1,2019-03-07 05:00:00+00:00,246.0183563232422,2019-03-11 04:00:00+00:00,249.08685302734375,signal_exit,95.0,,10,2500.0,31.181582849755745,0.5031181582849756,0.0,30.67846469147077,in-sample-overlap
SP-DONCH,1,2019-01-16 05:00:00+00:00,233.46742248535156,2019-05-29 04:00:00+00:00,251.52273551419995,structure_floor,3191.0,10.429909750570598,10,2500.0,193.33867694090418,0.5193338676940904,0.0,192.8193430732101,transfer-assumption
SP-DONCH,1,2019-06-18 04:00:00+00:00,262.7273254394531,2019-07-31 04:00:00+00:00,267.88756624619475,structure_floor,1032.0,6.603964492671284,12,3000.0,58.92315309924811,0.6058923153099248,0.0,58.31726078393819,transfer-assumption
SP-DIP,1,2019-08-01 04:00:00+00:00,266.20806884765625,2019-08-08 04:00:00+00:00,265.1065673828125,signal_exit,168.0,,10,2500.0,-10.344365871514116,0.4989655634128486,0.0,-10.843331434926965,in-sample-overlap
SP-DIP,1,2019-09-24 04:00:00+00:00,268.3718566894531,2019-09-30 04:00:00+00:00,269.1882019042969,signal_exit,144.0,,10,2500.0,7.604609001423582,0.5007604609001424,0.0,7.1038485405234395,in-sample-overlap
SP-DIP,1,2020-01-27 05:00:00+00:00,294.87652587890625,2020-01-30 05:00:00+00:00,298.6866149902344,signal_exit,72.0,,10,2500.0,32.30241115303947,0.5032302411153039,0.0,31.799180911924168,in-sample-overlap
SP-DONCH,1,2019-09-05 04:00:00+00:00,268.8988037109375,2020-02-25 05:00:00+00:00,292.35166407869235,structure_floor,4153.0,4.818356582430328,17,4250.0,370.6772034215035,0.8870677203421503,0.0,369.7901357011614,transfer-assumption
SP-DIP,1,2020-02-24 05:00:00+00:00,293.8921203613281,2020-03-02 05:00:00+00:00,281.741455078125,signal_exit,168.0,,10,2500.0,-103.35991033261107,0.48966400896673895,0.0,-103.8495743415778,in-sample-overlap
SP-DONCH,1,2020-04-09 04:00:00+00:00,255.07582092285156,2020-05-13 04:00:00+00:00,255.92850465269154,structure_floor,816.0,21.545644218808878,10,2500.0,8.357159517854477,0.5008357159517854,0.0,7.8563238019026915,transfer-assumption
SP-DONCH,1,2020-05-18 04:00:00+00:00,270.4793395996094,2020-09-04 04:00:00+00:00,308.7087997728297,structure_floor,2616.0,5.379647468992433,15,3750.0,530.0237565715473,0.8030023756571548,0.0,529.2207541958902,transfer-assumption
SP-DIP,1,2020-09-21 04:00:00+00:00,302.316650390625,2020-09-25 04:00:00+00:00,303.9438781738281,signal_exit,96.0,,10,2500.0,13.456319566757033,0.5013456319566757,0.0,12.954973934800357,in-sample-overlap
SP-DIP,1,2020-10-19 04:00:00+00:00,316.2226867675781,2020-10-22 04:00:00+00:00,318.62652587890625,signal_exit,72.0,,10,2500.0,19.004322048333403,0.5019004322048333,0.0,18.50242161612857,in-sample-overlap
SP-DIP,1,2020-10-28 04:00:00+00:00,302.02996826171875,2020-11-03 05:00:00+00:00,310.6934814453125,signal_exit,145.0,,10,2500.0,71.71070832354071,0.507171070832354,0.0,71.20353725270836,in-sample-overlap
SP-DONCH,1,2020-10-08 04:00:00+00:00,317.8591613769531,2021-01-27 05:00:00+00:00,346.9960355450777,structure_floor,2665.0,6.9754001697050985,12,3000.0,274.99796490280283,0.6274997964902803,0.0,274.37046510631257,transfer-assumption
SP-DIP,1,2021-02-22 05:00:00+00:00,359.3735046386719,2021-02-24 05:00:00+00:00,363.7747802734375,signal_exit,48.0,,10,2500.0,30.61769703355593,0.5030617697033556,0.0,30.114635263852577,in-sample-overlap
SP-DONCH,1,2021-02-04 05:00:00+00:00,358.59356689453125,2021-03-04 05:00:00+00:00,346.9960355450777,structure_floor,672.0,3.234171613810518,20,5000.0,-161.7085806905259,0.9838291419309473,0.0,-162.69240983245686,transfer-assumption
SP-DONCH,1,2021-03-15 04:00:00+00:00,368.083251953125,2021-05-11 04:00:00+00:00,382.4986943815011,structure_floor,1368.0,6.188043731208065,13,3250.0,127.2814985295462,0.6627281498529546,0.0,126.61877037969325,transfer-assumption
SP-DIP,1,2021-05-12 04:00:00+00:00,377.673095703125,2021-05-14 04:00:00+00:00,388.07879638671875,signal_exit,48.0,,10,2500.0,68.88034123943324,0.5068880341239433,0.0,68.37345320530929,in-sample-overlap
SP-DONCH,1,2021-06-10 04:00:00+00:00,394.6278076171875,2021-06-18 04:00:00+00:00,387.79935555163786,structure_floor,192.0,1.7303524824519325,20,5000.0,-86.51762412259663,0.9913482375877404,0.0,-87.50897236018437,transfer-assumption
SP-DIP,1,2021-06-18 04:00:00+00:00,387.7969970703125,2021-06-21 04:00:00+00:00,393.3486328125,signal_exit,72.0,,10,2500.0,35.789574082112594,0.5035789574082113,0.0,35.285995124704385,in-sample-overlap
SP-DIP,1,2021-07-19 04:00:00+00:00,397.1900329589844,2021-07-21 04:00:00+00:00,406.143798828125,signal_exit,48.0,,10,2500.0,56.356939538719686,0.505635693953872,0.0,55.851303844765816,in-sample-overlap
SP-DIP,1,2021-09-09 04:00:00+00:00,419.63055419921875,2021-09-15 04:00:00+00:00,418.60235595703125,signal_exit,144.0,,10,2500.0,-6.125615925117819,0.4993874384074883,0.0,-6.625003363525307,in-sample-overlap
SP-DONCH,1,2021-06-24 04:00:00+00:00,397.3115234375,2021-09-20 04:00:00+00:00,407.61120965110115,structure_floor,2112.0,2.394133400301055,20,5000.0,129.6172600845966,1.0129617260084596,0.0,128.60429835858815,transfer-assumption
SP-DIP,1,2021-09-20 04:00:00+00:00,406.9666748046875,2021-09-23 04:00:00+00:00,415.5365905761719,signal_exit,72.0,,10,2500.0,52.64507085007188,0.5052645070850071,0.0,52.13980634298687,in-sample-overlap
SP-DIP,1,2022-01-07 05:00:00+00:00,438.552978515625,2022-01-11 05:00:00+00:00,441.9967041015625,signal_exit,96.0,,10,2500.0,19.63118342961388,0.5019631183429614,0.0,19.12922031127092,in-sample-overlap
SP-DONCH,1,2021-10-15 04:00:00+00:00,418.0588073730469,2022-01-20 05:00:00+00:00,424.4862394814665,structure_floor,2329.0,4.375713395107496,19,4750.0,73.02872700335212,0.9573028727003351,0.0,72.07142413065178,transfer-assumption
SP-DIP,1,2022-01-18 05:00:00+00:00,429.52020263671875,2022-01-28 05:00:00+00:00,415.8392028808594,signal_exit,240.0,,10,2500.0,-79.62954752695616,0.49203704524730435,0.0,-80.12158457220346,in-sample-overlap
SP-DONCH,1,2022-03-22 04:00:00+00:00,424.34197998046875,2022-04-29 04:00:00+00:00,390.59434954887394,structure_floor,912.0,7.95293231019663,10,2500.0,-198.82330775491576,0.48011766922450844,0.0,-199.30342542414027,transfer-assumption
SP-DONCH,1,2022-07-20 04:00:00+00:00,374.2100830078125,2022-09-16 04:00:00+00:00,368.19080797230174,structure_floor,1392.0,5.62606100768618,15,3750.0,-60.31981073768688,0.7439680189262313,0.0,-61.06377875661311,transfer-assumption
SP-DONCH,1,2022-10-25 04:00:00+00:00,366.3719787597656,2022-12-15 05:00:00+00:00,372.7681254520418,structure_floor,1225.0,9.563046825069454,10,2500.0,43.645168456443116,0.5043645168456443,0.0,43.140803939597475,transfer-assumption
SP-DIP,1,2023-02-21 05:00:00+00:00,381.6034240722656,2023-03-02 05:00:00+00:00,380.3795471191406,signal_exit,216.0,,10,2500.0,-8.01798985491565,0.4991982010145084,0.0,-8.517188055930157,val-overlap
SP-DONCH,1,2023-01-23 05:00:00+00:00,383.075927734375,2023-03-10 05:00:00+00:00,370.29178966269103,structure_floor,1104.0,6.454823082491442,13,3250.0,-108.46008773953191,0.6391539912260467,0.0,-109.09924173075797,transfer-assumption
SP-DIP,1,2023-04-25 04:00:00+00:00,389.76904296875,2023-04-27 04:00:00+00:00,395.84478759765625,signal_exit,48.0,,10,2500.0,38.9701589858778,0.5038970158985878,0.0,38.466261969979215,val-overlap
SP-DONCH,1,2023-03-31 04:00:00+00:00,392.9461364746094,2023-05-04 04:00:00+00:00,387.56141271088387,structure_floor,816.0,7.37372010747188,11,2750.0,-37.68452969940822,0.5462315470300592,0.0,-38.230761246438284,transfer-assumption
SP-DIP,1,2023-08-04 04:00:00+00:00,430.4561462402344,2023-08-07 04:00:00+00:00,434.2133483886719,signal_exit,72.0,,10,2500.0,21.821050653210055,0.502182105065321,0.0,21.318868548144735,val-overlap
SP-DIP,1,2023-08-17 04:00:00+00:00,420.32122802734375,2023-08-21 04:00:00+00:00,423.259521484375,signal_exit,96.0,,10,2500.0,17.476475497212462,0.5017476475497213,0.0,16.97472784966274,val-overlap
SP-1H,1,2023-08-31 13:30:00+00:00,452.6600036621094,2023-09-05 19:30:00+00:00,449.1700134277344,structure_floor,126.0,18.0,10,2500.0,-19.274898412386147,0.49807251015876136,0.0,-19.772970922544907,transfer-assumption
SP-1H,1,2023-09-11 13:30:00+00:00,447.79998779296875,2023-09-15 14:30:00+00:00,445.0793151855469,structure_floor,97.0,1.1277329009896064,20,5000.0,-30.378212166005273,0.9969621787833995,0.0,-31.37517434478867,transfer-assumption
SP-DONCH,1,2023-05-18 04:00:00+00:00,402.390869140625,2023-09-19 04:00:00+00:00,426.5447585365695,structure_floor,2976.0,3.694868286751522,20,5000.0,300.1296904118285,1.0300129690411828,0.0,299.0996774427873,transfer-assumption
SP-DIP,1,2023-09-21 04:00:00+00:00,417.0664978027344,2023-10-02 04:00:00+00:00,413.1219482421875,signal_exit,264.0,,10,2500.0,-23.64460812201573,0.49763553918779846,0.0,-24.142243661203526,val-overlap
SP-1H,1,2023-09-29 13:30:00+00:00,430.3399963378906,2023-10-03 14:30:00+00:00,422.2900085449219,structure_floor,97.0,1.8706111124860751,20,5000.0,-93.53055562430374,0.9906469444375696,0.0,-94.52120256874132,transfer-assumption
SP-1H,1,2023-10-06 14:30:00+00:00,425.7900085449219,2023-10-12 17:30:00+00:00,433.17999267578125,structure_floor,147.0,1.0850192516825377,20,5000.0,86.77967991914157,1.0086779679919142,0.0,85.77100195114966,transfer-assumption
SP-1H,1,2023-10-17 15:30:00+00:00,438.0716857910156,2023-10-18 14:30:00+00:00,432.45001220703125,structure_floor,23.0,1.8699407366197616,20,5000.0,-64.16385452798042,0.9935836145472018,0.0,-65.15743814252762,transfer-assumption
SP-DIP,1,2023-10-20 04:00:00+00:00,407.2051696777344,2023-10-31 04:00:00+00:00,404.3144226074219,signal_exit,264.0,,10,2500.0,-17.747485085959624,0.498225251491404,0.0,-18.24571033745103,val-overlap
SP-1H,1,2023-10-31 16:30:00+00:00,416.9700012207031,2023-11-09 18:30:00+00:00,434.8699951171875,structure_floor,218.0,1.932992190085055,20,5000.0,214.6436655404602,1.0214643665540462,0.0,213.62220117390615,transfer-assumption
SP-1H,1,2023-11-10 17:30:00+00:00,438.989990234375,2023-11-30 16:30:00+00:00,453.5,structure_floor,479.0,0.9385168702793999,20,5000.0,165.26583849757216,1.0165265838497572,0.0,164.2493119137224,transfer-assumption
SP-1H,1,2023-12-01 16:30:00+00:00,458.9150085449219,2023-12-06 19:30:00+00:00,454.8699951171875,structure_floor,123.0,1.2148245542694052,20,5000.0,-44.07148766565586,0.9955928512334343,0.0,-45.06708051688929,transfer-assumption
SP-1H,1,2023-12-08 14:30:00+00:00,459.8599853515625,2023-12-20 20:30:00+00:00,468.44000244140625,structure_floor,294.0,1.2068864371240715,20,5000.0,93.28945073666645,1.0093289450736664,0.0,92.28012179159279,transfer-assumption
SP-1H,1,2023-12-26 18:30:00+00:00,475.5249938964844,2023-12-29 15:30:00+00:00,474.8900146484375,structure_floor,69.0,0.804370272550968,20,5000.0,-6.6766127563959525,0.9993323387243603,0.0,-7.675945095120313,transfer-assumption
SP-DIP,1,2024-01-03 05:00:00+00:00,455.0622253417969,2024-01-08 05:00:00+00:00,460.7021179199219,signal_exit,120.0,,10,2500.0,30.98418339321002,0.503098418339321,0.0,30.4810849748707,val-overlap
SP-1H,1,2024-01-08 17:30:00+00:00,471.37969970703125,2024-01-17 14:30:00+00:00,472.260009765625,structure_floor,213.0,0.7551645488816969,20,5000.0,9.337589836185929,1.0009337589836187,0.0,8.33665607720231,transfer-assumption
SP-1H,1,2024-01-19 14:30:00+00:00,477.95001220703125,2024-01-31 19:30:00+00:00,485.010009765625,structure_floor,293.0,1.6905569376455563,20,5000.0,73.85707059607319,1.0073857070596073,0.0,72.84968488901357,transfer-assumption
SP-1H,1,2024-02-02 15:30:00+00:00,492.9200134277344,2024-02-13 14:30:00+00:00,497.260009765625,structure_floor,263.0,2.032788131602006,20,5000.0,44.02333258605759,1.0044023332586056,0.0,43.01893025279899,transfer-assumption
SP-1H,1,2024-02-15 18:30:00+00:00,501.510009765625,2024-02-20 14:30:00+00:00,498.75,structure_floor,116.0,2.152502087202467,20,5000.0,-27.51699579151829,0.9972483004208481,0.0,-28.51424409193914,transfer-assumption
SP-1H,1,2024-02-22 14:30:00+00:00,505.3399963378906,2024-03-15 16:30:00+00:00,508.5,structure_floor,530.0,2.1549816380609412,20,5000.0,31.266114744621063,1.0031266114744621,0.0,30.2629881331466,transfer-assumption
SP-1H,1,2024-03-19 19:30:00+00:00,515.760009765625,2024-03-26 19:30:00+00:00,519.6699829101562,structure_floor,168.0,0.8996460680513104,20,5000.0,37.90496617126293,1.0037904966171263,0.0,36.9011756746458,transfer-assumption
SP-1H,1,2024-03-27 19:30:00+00:00,523.1699829101562,2024-04-02 13:30:00+00:00,518.4000244140625,structure_floor,138.0,0.9117416235466423,20,5000.0,-45.58708117733212,0.9954412918822669,0.0,-46.58252246921438,transfer-assumption
SP-DIP,1,2024-04-17 04:00:00+00:00,487.4018249511719,2024-04-22 04:00:00+00:00,486.59368896484375,signal_exit,120.0,,10,2500.0,-4.145121873564406,0.4995854878126436,0.0,-4.6447073613770495,val-overlap
SP-1H,1,2024-04-23 13:30:00+00:00,504.3299865722656,2024-05-22 17:30:00+00:00,529.0700073242188,structure_floor,700.0,2.076021949807832,20,5000.0,245.27612288237515,1.0245276122882376,0.0,244.2515952700869,transfer-assumption
SP-1H,1,2024-05-31 19:30:00+00:00,527.3499755859375,2024-06-03 15:30:00+00:00,525.3699951171875,structure_floor,68.0,0.37545853046642275,20,5000.0,-18.772926523321136,0.998122707347668,0.0,-19.771049230668805,transfer-assumption
SP-1H,1,2024-06-05 13:30:00+00:00,530.2650146484375,2024-06-11 13:30:00+00:00,532.5700073242188,structure_floor,144.0,2.245109326091966,20,5000.0,21.734346148684224,1.0021734346148685,0.0,20.732172714069357,transfer-assumption
SP-1H,1,2024-06-11 19:30:00+00:00,536.9099731445312,2024-06-24 19:30:00+00:00,543.02001953125,structure_floor,312.0,0.9051769560358374,20,5000.0,56.90010143538515,1.0056900101435384,0.0,55.894411425241614,transfer-assumption
SP-1H,1,2024-06-27 13:30:00+00:00,546.530029296875,2024-06-28 18:30:00+00:00,544.6099853515625,structure_floor,29.0,0.748362694860642,20,5000.0,-17.565768049220335,0.998243423195078,0.0,-18.564011472415412,transfer-assumption
SP-1H,1,2024-07-03 15:30:00+00:00,551.139892578125,2024-07-17 13:30:00+00:00,559.6300048828125,structure_floor,334.0,1.3589776869582706,20,5000.0,77.02320607724846,1.007702320607725,0.0,76.01550375664074,transfer-assumption
SP-1H,1,2024-07-23 14:30:00+00:00,556.4299926757812,2024-07-24 13:30:00+00:00,547.9099731445312,structure_floor,23.0,1.531193437341257,20,5000.0,-76.55967186706286,0.9923440328132938,0.0,-77.55201589987615,transfer-assumption
SP-1H,1,2024-07-31 13:30:00+00:00,550.2999877929688,2024-08-01 16:30:00+00:00,542.719970703125,structure_floor,27.0,1.3774336285639657,20,5000.0,-68.87168142819829,0.9931128318571802,0.0,-69.86479426005546,transfer-assumption
SP-DONCH,1,2023-11-10 05:00:00+00:00,425.9803466796875,2024-08-02 04:00:00+00:00,525.0209183627663,structure_floor,6383.0,7.126481553999857,11,2750.0,639.3759107700499,0.613937591077005,0.0,638.7619731789729,transfer-assumption
SP-1H,1,2024-08-09 16:30:00+00:00,534.1199951171875,2024-08-22 15:30:00+00:00,557.3250122070312,structure_floor,311.0,3.008334340834705,20,5000.0,217.22662792985778,1.0217226627929856,0.0,216.2049052670648,transfer-assumption
SP-1H,1,2024-08-29 14:30:00+00:00,562.1199951171875,2024-08-29 18:30:00+00:00,558.3200073242188,structure_floor,4.0,0.6760100736456726,20,5000.0,-33.800503682283626,0.9966199496317717,0.0,-34.7971236319154,transfer-assumption
SP-DIP,1,2024-09-06 04:00:00+00:00,527.8636474609375,2024-09-10 04:00:00+00:00,536.0987548828125,signal_exit,96.0,,10,2500.0,39.00205792483753,0.5039002057924837,0.0,38.49815771904505,sealed-overlap
SP-1H,1,2024-09-11 17:30:00+00:00,551.0075073242188,2024-09-30 17:30:00+00:00,568.9099731445312,structure_floor,456.0,2.099337074187277,20,5000.0,162.45210439372923,1.0162452104393729,0.0,161.43585918328986,transfer-assumption
SP-1H,1,2024-10-04 19:30:00+00:00,572.9199829101562,2024-10-21 14:30:00+00:00,582.1599731445312,structure_floor,403.0,1.2968639421582895,20,5000.0,80.63944800319514,1.0080639448003195,0.0,79.63138405839483,transfer-assumption
SP-DONCH,1,2024-08-19 04:00:00+00:00,546.66845703125,2024-10-31 04:00:00+00:00,562.8570804647936,structure_floor,1752.0,8.816857164597327,10,2500.0,74.0330964102901,0.5074033096410291,0.0,73.52569310064906,transfer-assumption
SP-DIP,1,2024-10-31 04:00:00+00:00,557.1935424804688,2024-11-05 05:00:00+00:00,565.09130859375,signal_exit,121.0,,10,2500.0,35.435470402809315,0.5035435470402809,0.0,34.931926855769035,sealed-overlap
SP-1H,1,2024-11-05 16:30:00+00:00,575.6699829101562,2024-11-12 16:30:00+00:00,597.0,structure_floor,168.0,1.3514632502443602,20,5000.0,185.26254384513118,1.018526254384513,0.0,184.24401759074667,transfer-assumption
SP-DIP,1,2024-11-15 05:00:00+00:00,573.9591064453125,2024-11-20 05:00:00+00:00,578.6134033203125,signal_exit,120.0,,10,2500.0,20.272772148460838,0.5020272772148461,0.0,19.77074487124599,sealed-overlap
SP-1H,1,2024-11-21 17:30:00+00:00,594.4299926757812,2024-12-09 14:30:00+00:00,606.3049926757812,structure_floor,429.0,1.6486361579527393,20,5000.0,99.88560592766858,1.009988560592767,0.0,98.8756173670758,transfer-assumption
SP-1H,1,2024-12-11 17:30:00+00:00,608.3200073242188,2024-12-12 14:30:00+00:00,606.3049926757812,structure_floor,21.0,0.33124254079704296,20,5000.0,-16.562127039852147,0.9983437872960148,0.0,-17.560470827148162,transfer-assumption
SP-DONCH,1,2024-11-06 05:00:00+00:00,579.1426391601562,2024-12-18 05:00:00+00:00,590.0093971009587,structure_floor,1008.0,2.812011686616466,20,5000.0,93.81762976872935,1.0093817629768729,0.0,92.80824800575247,transfer-assumption
SP-DIP,1,2024-12-18 05:00:00+00:00,574.4784545898438,2024-12-23 05:00:00+00:00,584.6803588867188,signal_exit,120.0,,10,2500.0,44.3963747263541,0.5044396374726354,0.0,43.89193508888146,sealed-overlap
SP-1H,1,2024-12-24 14:30:00+00:00,598.2000122070312,2024-12-30 14:30:00+00:00,587.6610107421875,structure_floor,144.0,1.7617855649919818,20,5000.0,-88.08927824959909,0.9911910721750401,0.0,-89.08046932177413,transfer-assumption
SP-1H,1,2025-01-03 18:30:00+00:00,592.0999755859375,2025-01-10 14:30:00+00:00,580.5,structure_floor,164.0,1.959124483066944,20,5000.0,-97.9562241533472,0.9902043775846653,0.0,-98.94642853093185,transfer-assumption
SP-1H,1,2025-01-15 14:30:00+00:00,592.3300170898438,2025-01-27 14:30:00+00:00,605.52001953125,structure_floor,288.0,2.866652206371426,20,5000.0,111.33997991701989,1.011133997991702,0.0,110.32884591902818,transfer-assumption
SP-1H,1,2025-01-30 19:30:00+00:00,606.3099975585938,2025-02-03 14:30:00+00:00,599.219970703125,structure_floor,91.0,1.1693732387751976,20,5000.0,-58.46866193875989,0.994153133806124,0.0,-59.46281507256601,transfer-assumption
SP-1H,1,2025-02-05 19:30:00+00:00,603.72998046875,2025-02-12 14:30:00+00:00,602.4299926757812,structure_floor,163.0,0.8530242899164455,20,5000.0,-10.766301451183601,0.9989233698548816,0.0,-11.765224821038483,transfer-assumption
SP-1H,1,2025-02-13 14:30:00+00:00,606.0800170898438,2025-02-20 14:30:00+00:00,608.3800048828125,structure_floor,168.0,1.2490112049176159,20,5000.0,18.974291579619972,1.0018974291579619,0.0,17.972394150462012,transfer-assumption
SP-DONCH,1,2025-01-22 05:00:00+00:00,596.2326049804688,2025-02-24 05:00:00+00:00,588.4360645213627,structure_floor,792.0,5.126635373074281,16,4000.0,-52.30536132361589,0.7947694638676384,0.0,-53.10013078748353,transfer-assumption
SP-DIP,1,2025-02-24 05:00:00+00:00,587.157958984375,2025-02-28 05:00:00+00:00,584.178955078125,signal_exit,96.0,,10,2500.0,-12.683996958002894,0.49873160030419966,0.0,-13.182728558307094,sealed-overlap
SP-1H,1,2025-03-17 13:30:00+00:00,564.6400146484375,2025-03-21 13:30:00+00:00,559.2100219726562,structure_floor,96.0,2.6494795948832683,20,5000.0,-48.083668664203095,0.9951916331335797,0.0,-49.078860297336675,transfer-assumption
SP-1H,1,2025-03-24 13:30:00+00:00,573.1300048828125,2025-03-28 13:30:00+00:00,564.9400024414062,structure_floor,96.0,2.6346510315796468,20,5000.0,-71.4497790346961,0.9928550220965304,0.0,-72.44263405679264,transfer-assumption
SP-1H,1,2025-04-02 14:30:00+00:00,563.3099975585938,2025-04-03 13:30:00+00:00,554.8099975585938,structure_floor,23.0,2.918464524446189,20,5000.0,-75.44691232926198,0.9924553087670738,0.0,-76.43936763802905,transfer-assumption
SP-1H,1,2025-04-09 17:30:00+00:00,538.1500244140625,2025-04-21 13:30:00+00:00,520.2899780273438,structure_floor,284.0,9.103413273146915,10,2500.0,-82.96964404194146,0.49170303559580586,0.0,-83.46134707753727,transfer-assumption
SP-1H,1,2025-04-23 13:30:00+00:00,543.8800048828125,2025-04-30 13:30:00+00:00,545.02001953125,structure_floor,168.0,6.512468395554673,13,3250.0,6.812251919833283,0.6506812251919833,0.0,6.1615706946413,transfer-assumption
SP-1H,1,2025-05-01 13:30:00+00:00,562.0317993164062,2025-05-06 13:30:00+00:00,561.7000122070312,structure_floor,120.0,3.6495763780811914,20,5000.0,-2.951675597168607,0.9997048324402831,0.0,-3.95138042960889,transfer-assumption
SP-1H,1,2025-05-08 15:30:00+00:00,568.79931640625,2025-05-21 16:30:00+00:00,588.0999755859375,structure_floor,313.0,2.2432056458016603,20,5000.0,169.66141328748108,1.0169661413287483,0.0,168.64444714615234,transfer-assumption
SP-1H,1,2025-05-27 16:30:00+00:00,590.1701049804688,2025-05-30 15:30:00+00:00,586.0700073242188,structure_floor,71.0,2.468801667785839,20,5000.0,-34.73657528269489,0.9965263424717304,0.0,-35.733101625166626,transfer-assumption
SP-1H,1,2025-06-03 13:30:00+00:00,593.89501953125,2025-06-13 13:30:00+00:00,599.27001953125,structure_floor,240.0,1.7949357763769869,20,5000.0,45.25210536571248,1.0045252105365712,0.0,44.24758015517591,transfer-assumption
SP-1H,1,2025-06-24 13:30:00+00:00,604.5999145507812,2025-07-16 13:30:00+00:00,621.7999267578125,structure_floor,528.0,1.9417682531334028,20,5000.0,142.24292621518882,1.0142242926215188,0.0,141.2287019225673,transfer-assumption
SP-1H,1,2025-07-17 18:30:00+00:00,627.97998046875,2025-07-22 13:30:00+00:00,626.4600219726562,structure_floor,115.0,1.5812594325648879,20,5000.0,-12.101966172227263,0.9987898033827772,0.0,-13.10075597561004,transfer-assumption
SP-1H,1,2025-07-23 15:30:00+00:00,631.6900024414062,2025-07-30 18:30:00+00:00,634.3350219726562,structure_floor,171.0,0.870680235359616,20,5000.0,20.936056618177556,1.002093605661818,0.0,19.93396301251574,transfer-assumption
SP-1H,1,2025-07-31 13:30:00+00:00,638.8200073242188,2025-07-31 17:30:00+00:00,634.3350219726562,structure_floor,4.0,0.7020734009801052,20,5000.0,-35.10367004900526,0.9964896329950996,0.0,-36.10015968200036,transfer-assumption
SP-DIP,1,2025-08-01 04:00:00+00:00,614.9066162109375,2025-08-04 04:00:00+00:00,624.2530517578125,signal_exit,72.0,,10,2500.0,37.99941040018343,0.5037999410400184,0.0,37.49561045914341,sealed-overlap
SP-1H,1,2025-08-07 13:30:00+00:00,633.8200073242188,2025-08-18 14:30:00+00:00,642.52001953125,structure_floor,265.0,1.0697089423696282,20,5000.0,68.63156816207066,1.0068631568162072,0.0,67.62470500525446,transfer-assumption
SP-DIP,1,2025-08-21 04:00:00+00:00,628.5850830078125,2025-08-22 04:00:00+00:00,638.2381591796875,signal_exit,24.0,,10,2500.0,38.3920826027422,0.5038392082602743,0.0,37.888243394481925,sealed-overlap
SP-1H,1,2025-08-22 13:30:00+00:00,644.1099853515625,2025-08-25 19:30:00+00:00,643.4099731445312,structure_floor,78.0,1.7326191796949104,20,5000.0,-5.433949348333542,0.9994566050651665,0.0,-6.433405953398708,transfer-assumption
SP-1H,1,2025-08-27 17:30:00+00:00,647.260009765625,2025-08-29 13:30:00+00:00,645.3400268554688,structure_floor,44.0,0.8790906831192334,20,5000.0,-14.831620069124016,0.9985168379930875,0.0,-15.830136907117103,transfer-assumption
SP-1H,1,2025-09-04 14:30:00+00:00,646.2108154296875,2025-09-17 18:30:00+00:00,656.9000244140625,structure_floor,316.0,1.747236698912814,20,5000.0,82.70682515014379,1.0082706825150145,0.0,81.69855446762877,transfer-assumption
SP-1H,1,2025-09-18 13:30:00+00:00,664.4000244140625,2025-09-24 15:30:00+00:00,660.3699951171875,structure_floor,146.0,1.128838007887535,20,5000.0,-30.32833495475186,0.9969671665045248,0.0,-31.325302121256385,transfer-assumption
SP-1H,1,2025-09-29 13:30:00+00:00,664.760009765625,2025-10-07 15:30:00+00:00,668.1599731445312,structure_floor,194.0,1.5577020754303292,20,5000.0,25.572863356393672,1.0025572863356393,0.0,24.57030607005803,transfer-assumption
SP-DONCH,1,2025-05-02 04:00:00+00:00,558.8966674804688,2025-10-10 04:00:00+00:00,649.0328388399253,structure_floor,3864.0,10.286543159055316,10,2500.0,403.18799790753104,0.5403187997907531,0.0,402.6476791077403,transfer-assumption
SP-1H,1,2025-10-20 13:30:00+00:00,670.2650146484375,2025-10-22 13:30:00+00:00,669.9810180664062,structure_floor,48.0,1.9626608892566142,20,5000.0,-2.1185395017238804,0.9997881460498276,0.0,-3.118327647773708,transfer-assumption
SP-1H,1,2025-10-24 13:30:00+00:00,676.780029296875,2025-11-04 14:30:00+00:00,679.239990234375,structure_floor,265.0,1.991790673538495,20,5000.0,18.174006553175925,1.0018174006553175,0.0,17.17218915252061,transfer-assumption
SP-1H,1,2025-11-10 18:30:00+00:00,680.781494140625,2025-11-17 19:30:00+00:00,663.2650146484375,structure_floor,169.0,2.8755888958899125,20,5000.0,-128.64979176834987,0.987135020823165,0.0,-129.63692678917303,transfer-assumption
SP-DONCH,1,2025-10-24 04:00:00+00:00,671.6851806640625,2025-11-18 05:00:00+00:00,655.7769731606511,structure_floor,601.0,3.6042865347717687,20,5000.0,-118.42011675532079,0.9881579883244678,0.0,-119.40827474364526,transfer-assumption
SP-1H,1,2025-11-20 14:30:00+00:00,674.8300170898438,2025-11-20 16:30:00+00:00,658.7449951171875,structure_floor,2.0,2.81108297761978,20,5000.0,-119.17832317256543,0.9880821676827434,0.0,-120.16640534024818,transfer-assumption
SP-DIP,1,2025-11-18 05:00:00+00:00,654.65625,2025-11-24 05:00:00+00:00,663.2351684570312,signal_exit,144.0,,10,2500.0,32.76115693171512,0.5032761156931715,0.0,32.25788081602195,sealed-overlap
SP-1H,1,2025-11-25 15:30:00+00:00,670.4199829101562,2025-12-10 14:30:00+00:00,681.5700073242188,structure_floor,359.0,2.9190668272251292,20,5000.0,83.15701126376425,1.0083157011263764,0.0,82.14869556263787,transfer-assumption
SP-1H,1,2025-12-10 19:30:00+00:00,688.1199951171875,2025-12-12 15:30:00+00:00,682.1649780273438,structure_floor,44.0,0.9896526197344404,20,5000.0,-43.27019365880805,0.9956729806341191,0.0,-44.265866639442166,transfer-assumption
SP-DIP,1,2025-12-17 05:00:00+00:00,665.8832397460938,2025-12-19 05:00:00+00:00,676.9923095703125,signal_exit,48.0,,10,2500.0,41.70802462476274,0.5041708024624763,0.0,41.20385382230027,sealed-overlap
SP-1H,1,2025-12-22 14:30:00+00:00,683.77001953125,2025-12-31 14:30:00+00:00,686.0700073242188,structure_floor,216.0,1.8390704254117332,20,5000.0,16.8184311045509,1.001681843110455,0.0,15.816749261440444,transfer-assumption
SP-1H,1,2026-01-05 15:30:00+00:00,688.6400146484375,2026-01-14 14:30:00+00:00,691.2100219726562,structure_floor,215.0,0.3732004050811341,20,5000.0,18.660020254056704,1.0018660020254058,0.0,17.6581542520313,transfer-assumption
SP-DONCH,1,2025-12-05 05:00:00+00:00,680.0557861328125,2026-01-20 05:00:00+00:00,676.2263268834449,structure_floor,1104.0,5.081018055119576,16,4000.0,-22.52438301359997,0.79774756169864,0.0,-23.32213057529861,transfer-assumption
SP-DIP,1,2026-01-20 05:00:00+00:00,673.9981689453125,2026-01-22 05:00:00+00:00,685.3379516601562,signal_exit,48.0,,10,2500.0,42.06162285495707,0.5042061622854958,0.0,41.55741669267157,sealed-overlap
SP-1H,1,2026-01-26 14:30:00+00:00,692.5499877929688,2026-01-29 15:30:00+00:00,687.1599731445312,structure_floor,73.0,0.778285285314133,20,5000.0,-38.91426426570665,0.9961085735734294,0.0,-39.91037283928008,transfer-assumption
SP-DIP,1,2026-02-05 05:00:00+00:00,674.0379638671875,2026-02-06 05:00:00+00:00,686.96923828125,signal_exit,24.0,,10,2500.0,47.96196619204998,0.5047961966192049,0.0,47.457169995430775,sealed-overlap
SP-1H,1,2026-02-09 15:30:00+00:00,694.689697265625,2026-02-12 15:30:00+00:00,689.1799926757812,structure_floor,72.0,2.720598752604598,20,5000.0,-39.655868019423295,0.9960344131980577,0.0,-40.651902432621355,transfer-assumption
SP-1H,1,2026-02-25 14:30:00+00:00,691.1500244140625,2026-02-27 14:30:00+00:00,684.3499755859375,structure_floor,48.0,1.6132567489258467,20,5000.0,-49.19372486378691,0.9950806275136213,0.0,-50.188805491300535,transfer-assumption
SP-1H,1,2026-03-10 16:30:00+00:00,683.2650146484375,2026-03-13 17:30:00+00:00,662.3900146484375,structure_floor,73.0,3.055183501637484,20,5000.0,-152.7591750818742,0.9847240824918126,0.0,-153.743899164366,transfer-assumption
SP-DIP,1,2026-03-13 04:00:00+00:00,658.7890014648438,2026-03-17 04:00:00+00:00,667.2440185546875,signal_exit,96.0,,10,2500.0,32.085451757101595,0.5032085451757101,0.0,31.582243211925885,sealed-overlap
SP-1H,1,2026-03-17 13:30:00+00:00,672.5599975585938,2026-03-18 19:30:00+00:00,661.3599853515625,structure_floor,30.0,1.6652807552764837,20,5000.0,-83.26403776382419,0.9916735962236176,0.0,-84.25571136004781,transfer-assumption
SP-1H,1,2026-03-31 19:30:00+00:00,650.239990234375,2026-04-21 15:30:00+00:00,706.1400146484375,structure_floor,500.0,3.2234192378640247,20,5000.0,429.8414835568148,1.0429841483556814,0.0,428.7984994084591,transfer-assumption
SP-1H,1,2026-04-23 14:30:00+00:00,711.989990234375,2026-04-23 17:30:00+00:00,702.6400146484375,structure_floor,3.0,1.313217280324355,20,5000.0,-65.66086401621774,0.9934339135983783,0.0,-66.65429792981612,transfer-assumption
SP-1H,1,2026-04-24 15:30:00+00:00,713.3012084960938,2026-04-28 13:30:00+00:00,712.2949829101562,structure_floor,94.0,1.545060477582817,20,5000.0,-7.053300723119484,0.9992946699276881,0.0,-8.052595393047172,transfer-assumption
SP-1H,1,2026-04-30 16:30:00+00:00,715.8099975585938,2026-05-18 13:30:00+00:00,737.9600219726562,structure_floor,429.0,1.0393823035137528,20,5000.0,154.71999894950739,1.0154719998949508,0.0,153.70452694961244,transfer-assumption
SP-1H,1,2026-05-21 16:30:00+00:00,742.1500244140625,2026-06-03 15:30:00+00:00,754.6900024414062,structure_floor,311.0,1.4309768601802755,20,5000.0,84.48411786581987,1.0084484117865822,0.0,83.47566945403328,transfer-assumption
SP-DONCH,1,2026-04-09 04:00:00+00:00,678.162841796875,2026-06-09 04:00:00+00:00,729.650306265128,structure_floor,1464.0,7.446559840531215,11,2750.0,208.78543995795252,0.5708785439957952,0.0,208.21456141395672,transfer-assumption
SP-DIP,1,2026-06-10 04:00:00+00:00,723.56591796875,2026-06-11 04:00:00+00:00,735.8642578125,signal_exit,24.0,,10,2500.0,42.492119716869915,0.5042492119716869,0.0,41.987870504898225,sealed-overlap
SP-1H,1,2026-06-12 14:30:00+00:00,744.1500244140625,2026-06-23 13:30:00+00:00,739.22998046875,structure_floor,263.0,2.6533621540541565,20,5000.0,-33.05814542696885,0.9966941854573029,0.0,-34.05483961242615,transfer-assumption
SP-1H,1,2026-06-29 16:30:00+00:00,740.1400146484375,2026-07-02 16:30:00+00:00,742.375,structure_floor,72.0,1.7942590636966091,20,5000.0,15.098395623320716,1.001509839562332,0.0,14.096885783758385,transfer-assumption
SP-1H,1,2026-07-06 18:30:00+00:00,752.2899780273438,2026-07-08 13:30:00+00:00,745.2100219726562,structure_floor,43.0,1.6296839102677947,20,5000.0,-47.0560306628873,0.9952943969337114,0.0,-48.05132505982101,transfer-assumption
SP-1H,1,2026-07-10 13:30:00+00:00,752.586181640625,2026-07-13 19:30:00+00:00,748.0999755859375,structure_floor,78.0,1.7374982685031726,20,5000.0,-29.80526459380139,0.9970194735406199,0.0,-30.802284067342008,transfer-assumption
SP-DONCH,1,2026-07-10 04:00:00+00:00,754.9500122070312,2026-07-23 04:00:00+00:00,739.510009765625,structure_floor,312.0,5.082455062821461,16,4000.0,-81.80675378105491,0.7918193246218945,0.0,-82.5985731056768,transfer-assumption
SP-1H,1,2026-07-22 14:30:00+00:00,749.4099731445312,2026-07-23 13:30:00+00:00,746.3699951171875,structure_floor,23.0,1.0541170368974355,20,5000.0,-20.282476456698156,0.9979717523543302,0.0,-21.280448209052487,transfer-assumption
