name,n_tr,n_va,mean_tr,mean_va,gross_tr,gross_va,R_tr,win_tr,stop_tr,lev,verdict,n_assets_pos,arm
"prev day low -> 5m BOS, hold 24h",3638,1335,-0.4085714856241057,-0.5415592832182267,0.09142851437589432,-0.04155928321822664,-0.6247093042910556,21.99010445299615,1.459602574248203,0.6851180024227277,reject,0,A
"prev day low -> 1m BOS, hold 24h",3553,1265,-0.14055823650032148,-0.30912428340450854,0.35944176349967855,0.19087571659549146,-7.443517516438551,13.003095975232199,0.4560400982833145,2.1927896335526857,reject,1,B
"prev day low -> 5m BOS, target 1R",3638,1335,-0.4802997193712623,-0.5107174894613513,0.019700280628737674,-0.01071748946135134,-0.6942137299597506,40.90159428257284,1.459602574248203,0.6851180024227277,reject,0,A
"prev day low -> 1m BOS, target 1R",3553,1265,-0.3892357088568587,-0.4144659194934499,0.11076429114314125,0.08553408050655013,-8.387084445709487,16.943428088938926,0.4560400982833145,2.1927896335526857,reject,0,B
"prev day low -> 5m BOS, target 2R",3638,1335,-0.4442142409672122,-0.5124281344516561,0.05578575903278775,-0.01242813445165612,-0.6550085361117487,34.33205057724024,1.459602574248203,0.6851180024227277,reject,0,A
"prev day low -> 1m BOS, target 2R",3553,1265,-0.32651571265265883,-0.37998486679554067,0.1734842873473412,0.1200151332044593,-8.237320173388035,27.047565437658317,0.4560400982833145,2.1927896335526857,reject,0,B
"prev day low -> 5m BOS, target 3R",3638,1335,-0.46327308439844916,-0.509133860753349,0.03672691560155084,-0.009133860753348974,-0.6641367689239249,28.80703683342496,1.459602574248203,0.6851180024227277,reject,0,A
"prev day low -> 1m BOS, target 3R",3553,1265,-0.31058925126963605,-0.3517467381702386,0.18941074873036398,0.14825326182976148,-8.160521602866938,26.59724176752041,0.4560400982833145,2.1927896335526857,reject,0,B
"prev day high -> 5m BOS, hold 24h",3804,1319,-0.5365020295416613,-0.5137188547481261,-0.0365020295416613,-0.013718854748126121,-0.660389703980043,21.871713985278653,1.4060525764309815,0.711210958084032,reject,0,A
"prev day high -> 1m BOS, hold 24h",3706,1225,-0.3096344169983203,-0.364017262615847,0.19036558300167972,0.13598273738415306,-2.846722487773788,12.493254182406908,0.4703925834258598,2.1258838579405737,reject,0,B
"prev day high -> 5m BOS, target 1R",3804,1319,-0.5024176360212269,-0.48273609807849005,-0.0024176360212268696,0.01726390192150995,-0.7269785080094832,40.825446898002106,1.4060525764309815,0.711210958084032,reject,0,A
"prev day high -> 1m BOS, target 1R",3706,1225,-0.45289666063085005,-0.41075985991679603,0.04710333936914998,0.089240140083204,-3.729820502743267,13.62655153804641,0.4703925834258598,2.1258838579405737,reject,0,B
"prev day high -> 5m BOS, target 2R",3804,1319,-0.5283805550615678,-0.4238626990669305,-0.028380555061567756,0.07613730093306943,-0.6949447265001164,35.094637223974765,1.4060525764309815,0.711210958084032,reject,0,A
"prev day high -> 1m BOS, target 2R",3706,1225,-0.38971510480288035,-0.37186609561872197,0.11028489519711963,0.12813390438127806,-3.5451815817883325,25.229357798165136,0.4703925834258598,2.1258838579405737,reject,0,B
"prev day high -> 5m BOS, target 3R",3804,1319,-0.5219932172579752,-0.4361626144952251,-0.021993217257975164,0.06383738550477489,-0.6776354256322519,29.652996845425868,1.4060525764309815,0.711210958084032,reject,0,A
"prev day high -> 1m BOS, target 3R",3706,1225,-0.35912026278631587,-0.3265436889300953,0.14087973721368413,0.17345631106990475,-3.376122041176484,27.280086346465193,0.4703925834258598,2.1258838579405737,reject,0,B
"last session low -> 5m BOS, hold 24h",7673,2709,-0.3759504715151126,-0.446136770054754,0.12404952848488732,0.053863229945246054,-0.7772210695146193,19.171119509970026,1.2413486198086905,0.8055754717430743,reject,0,A
"last session low -> 1m BOS, hold 24h",7474,2566,-0.2665235417821136,-0.3365488911855441,0.23347645821788635,0.1634511088144559,-4.348595030529494,10.342520738560342,0.4308236621344795,2.321135276195333,reject,0,B
"last session low -> 5m BOS, target 1R",7673,2709,-0.5124776392943533,-0.5018986688911364,-0.012477639294353315,-0.0018986688911364537,-0.856732457569808,36.36126677961684,1.2413486198086905,0.8055754717430743,reject,0,A
"last session low -> 1m BOS, target 1R",7474,2566,-0.41238403068116497,-0.4489451389857361,0.0876159693188351,0.05105486101426374,-4.628452613725117,15.801445009365803,0.4308236621344795,2.321135276195333,reject,0,B
"last session low -> 5m BOS, target 2R",7673,2709,-0.4695464109198673,-0.4811880608925544,0.030453589080132723,0.018811939107445632,-0.831879672152455,31.708588557278773,1.2413486198086905,0.8055754717430743,reject,0,A
"last session low -> 1m BOS, target 2R",7474,2566,-0.36055231063618753,-0.40690052938894056,0.1394476893638124,0.09309947061105946,-4.492001171636315,24.016590848274017,0.4308236621344795,2.321135276195333,reject,0,B
"last session low -> 5m BOS, target 3R",7673,2709,-0.44962837924265286,-0.4671499117824531,0.05037162075734713,0.03285008821754692,-0.8247186542644384,26.782223380685522,1.2413486198086905,0.8055754717430743,reject,0,A
"last session low -> 1m BOS, target 3R",7474,2566,-0.32331240137097333,-0.388300010030939,0.17668759862902664,0.11169998996906097,-4.422035325449048,24.2039068771742,0.4308236621344795,2.321135276195333,reject,0,B
"last session high -> 5m BOS, hold 24h",7673,2804,-0.5122069853702129,-0.502893253268558,-0.012206985370212944,-0.002893253268558015,-0.8084217085031199,18.78013814674834,1.1890758530426928,0.8409892417217355,reject,0,A
"last session high -> 1m BOS, hold 24h",7488,2674,-0.3538179749643283,-0.3353258066485788,0.14618202503567168,0.16467419335142117,-9.060167735366424,10.510149572649572,0.39225122241310645,2.549386573859627,reject,0,B
"last session high -> 5m BOS, target 1R",7673,2804,-0.4990731095006597,-0.5475673098637782,0.0009268904993403456,-0.047567309863778315,-0.8997990908599305,36.60888830965724,1.1890758530426928,0.8409892417217355,reject,0,A
"last session high -> 1m BOS, target 1R",7488,2674,-0.4394810778585738,-0.4337785004960103,0.060518922141426186,0.06622149950398976,-9.620860428532309,12.206196581196581,0.39225122241310645,2.549386573859627,reject,0,B
"last session high -> 5m BOS, target 2R",7673,2804,-0.5262423425828261,-0.5288720953126744,-0.026242342582826084,-0.02887209531267438,-0.8989879901075452,31.734653981493548,1.1890758530426928,0.8409892417217355,reject,0,A
"last session high -> 1m BOS, target 2R",7488,2674,-0.38913865901184025,-0.39061925873894954,0.11086134098815975,0.10938074126105045,-9.478820884798564,22.82318376068376,0.39225122241310645,2.549386573859627,reject,0,B
"last session high -> 5m BOS, target 3R",7673,2804,-0.5321754164495447,-0.5239705650935501,-0.03217541644954477,-0.02397056509355007,-0.887861758432016,26.59976541118207,1.1890758530426928,0.8409892417217355,reject,0,A
"last session high -> 1m BOS, target 3R",7488,2674,-0.35512914102112686,-0.38172290877506304,0.1448708589788731,0.11827709122493696,-9.355386271533321,25.360576923076923,0.39225122241310645,2.549386573859627,reject,0,B
"1h swing low -> 5m BOS, hold 24h",11507,3853,-0.34702321682491893,-0.42665930961068793,0.15297678317508104,0.07334069038931207,-0.8089266792502663,18.43225862518467,1.0937864724442314,0.9142552273163048,reject,0,A
"1h swing low -> 1m BOS, hold 24h",11243,3664,-0.26257230833958756,-0.35137396104239954,0.2374276916604125,0.14862603895760043,-4.388047091262197,10.068487058614249,0.3881264687720084,2.5764797829014228,reject,0,B
"1h swing low -> 5m BOS, target 1R",11507,3853,-0.47944874347080907,-0.48271066835702553,0.020551256529190976,0.017289331642974488,-0.955027005137077,35.1872773094638,1.0937864724442314,0.9142552273163048,reject,0,A
"1h swing low -> 1m BOS, target 1R",11243,3664,-0.41973053261823146,-0.43785558622620707,0.08026946738176852,0.06214441377379291,-4.887003625011283,14.124344036289246,0.3881264687720084,2.5764797829014228,reject,0,B
"1h swing low -> 5m BOS, target 2R",11507,3853,-0.44792856217507354,-0.44900278489505097,0.05207143782492647,0.05099721510494905,-0.9310833945706374,31.737203441383503,1.0937864724442314,0.9142552273163048,reject,0,A
"1h swing low -> 1m BOS, target 2R",11243,3664,-0.3674046077887683,-0.4049417997867956,0.13259539221123165,0.09505820021320442,-4.7699497666854835,23.116605888108154,0.3881264687720084,2.5764797829014228,reject,0,B
"1h swing low -> 5m BOS, target 3R",11507,3853,-0.4072314599865622,-0.431220026729613,0.09276854001343782,0.06877997327038701,-0.9058546609854177,26.966194490310247,1.0937864724442314,0.9142552273163048,reject,0,A
"1h swing low -> 1m BOS, target 3R",11243,3664,-0.33721393482892803,-0.3876004129905212,0.16278606517107197,0.11239958700947875,-4.700284418897876,23.952681668593794,0.3881264687720084,2.5764797829014228,reject,0,B
"1h swing high -> 5m BOS, hold 24h",11732,4114,-0.5443055482678446,-0.5686840697760138,-0.044305548267844566,-0.06868406977601374,-1.0336792493375413,16.629730651210366,1.0232206312592989,0.9773063300817921,reject,0,A
"1h swing high -> 1m BOS, hold 24h",11475,3905,-0.3698527009730883,-0.40793002298952064,0.13014729902691174,0.09206997701047931,-6.78166865504166,8.958605664488017,0.35297489540146054,2.833062671107635,reject,0,B
"1h swing high -> 5m BOS, target 1R",11732,4114,-0.5133467868937936,-0.5762846875382277,-0.013346786893793644,-0.07628468753822766,-1.0205262508126158,33.83054892601432,1.0232206312592989,0.9773063300817921,reject,0,A
"1h swing high -> 1m BOS, target 1R",11475,3905,-0.4272812355660633,-0.4687224076276492,0.0727187644339367,0.031277592372350733,-7.1881769796915,11.43355119825708,0.35297489540146054,2.833062671107635,reject,0,B
"1h swing high -> 5m BOS, target 2R",11732,4114,-0.5129421281606518,-0.5763949601535324,-0.012942128160651779,-0.07639496015353242,-1.0072638960731113,30.906921241050117,1.0232206312592989,0.9773063300817921,reject,0,A
"1h swing high -> 1m BOS, target 2R",11475,3905,-0.3846830059810685,-0.43817118221311646,0.11531699401893142,0.06182881778688358,-7.065686260025004,21.742919389978212,0.35297489540146054,2.833062671107635,reject,0,B
"1h swing high -> 5m BOS, target 3R",11732,4114,-0.5078109929626463,-0.5849694924401855,-0.007810992962646274,-0.08496949244018553,-0.9965958539207865,26.21036481418343,1.0232206312592989,0.9773063300817921,reject,0,A
"1h swing high -> 1m BOS, target 3R",11475,3905,-0.36179323771844113,-0.4338709864342193,0.1382067622815589,0.0661290135657807,-6.983995137552611,23.25925925925926,0.35297489540146054,2.833062671107635,reject,0,B
"4h swing low -> 5m BOS, hold 24h",4952,1680,-0.42419788456277935,-0.428037181992608,0.0758021154372207,0.07196281800739202,-0.7396058252439212,19.58804523424879,1.2720974720153646,0.7861032837489373,reject,0,A
"4h swing low -> 1m BOS, hold 24h",4828,1571,-0.20917166208409177,-0.31914070403848305,0.29082833791590823,0.180859295961517,-5.3416985463237685,11.495443247721623,0.41114135785361583,2.4322534838639207,reject,1,B
"4h swing low -> 5m BOS, target 1R",4952,1680,-0.49838539091759043,-0.520156353276958,0.0016146090824096398,-0.020156353276958052,-0.8587723509760072,36.73263327948303,1.2720974720153646,0.7861032837489373,reject,0,A
"4h swing low -> 1m BOS, target 1R",4828,1571,-0.3958374810370868,-0.44853310502753224,0.10416251896291318,0.051466894972467724,-5.89433261462392,15.430820215410106,0.41114135785361583,2.4322534838639207,reject,0,B
"4h swing low -> 5m BOS, target 2R",4952,1680,-0.4600062096570981,-0.507621809822356,0.0399937903429019,-0.007621809822356042,-0.8293758319352522,32.18901453957997,1.2720974720153646,0.7861032837489373,reject,0,A
"4h swing low -> 1m BOS, target 2R",4828,1571,-0.33142116127390536,-0.4154044336865438,0.16857883872609467,0.08459556631345616,-5.716772786814753,25.103562551781277,0.41114135785361583,2.4322534838639207,reject,0,B
"4h swing low -> 5m BOS, target 3R",4952,1680,-0.4635415641098943,-0.46961228557178347,0.03645843589010582,0.030387714428216483,-0.8314906369941405,27.120355411954765,1.2720974720153646,0.7861032837489373,reject,0,A
"4h swing low -> 1m BOS, target 3R",4828,1571,-0.3094092200987383,-0.39031559470741,0.19059077990126172,0.10968440529258994,-5.640004023298521,25.745650372825185,0.41114135785361583,2.4322534838639207,reject,0,B
"4h swing high -> 5m BOS, hold 24h",5131,1778,-0.4809464698675035,-0.579667077954691,0.019053530132496468,-0.07966707795469102,-0.8040879536056024,19.801208341453908,1.2648167743398249,0.790628350515001,reject,0,A
"4h swing high -> 1m BOS, hold 24h",4985,1665,-0.2889164323490506,-0.3878856469158141,0.2110835676509494,0.11211435308418591,-4.04368909627779,11.675025075225678,0.4015334948878184,2.4904522604755126,reject,0,B
"4h swing high -> 5m BOS, target 1R",5131,1778,-0.5426049364918833,-0.5819172862004265,-0.042604936491883426,-0.08191728620042647,-0.9170515408073535,35.39271097251998,1.2648167743398249,0.790628350515001,reject,0,A
"4h swing high -> 1m BOS, target 1R",4985,1665,-0.4368945118224464,-0.4358780975481291,0.06310548817755363,0.0641219024518709,-4.968320120116024,12.056168505516549,0.4015334948878184,2.4904522604755126,reject,0,B
"4h swing high -> 5m BOS, target 2R",5131,1778,-0.5739719840184144,-0.5388980798330573,-0.07397198401841444,-0.0388980798330573,-0.9063411942276962,31.04657961411031,1.2648167743398249,0.790628350515001,reject,0,A
"4h swing high -> 1m BOS, target 2R",4985,1665,-0.3821872941121519,-0.37467086214421097,0.11781270588784808,0.125329137855789,-4.796849216529869,22.166499498495487,0.4015334948878184,2.4904522604755126,reject,0,B
"4h swing high -> 5m BOS, target 3R",5131,1778,-0.557050997006525,-0.5512624062056143,-0.05705099700652504,-0.051262406205614286,-0.8888533158028576,26.427596959656984,1.2648167743398249,0.790628350515001,reject,0,A
"4h swing high -> 1m BOS, target 3R",4985,1665,-0.36345198023948366,-0.3667957960948946,0.13654801976051634,0.13320420390510537,-4.673808275362055,25.115346038114346,0.4015334948878184,2.4904522604755126,reject,0,B
