name,n_tr,n_va,gross_tr,mean_tr,mean_va,t_tr,stop_tr,lev1,thick,verdict
"SPY RSI2<2 5m dip, above 200-bar avg",73,17,-0.008223001695800777,-0.04822300169580078,0.1903882990859412,-2.7280472841291385,0.09964102648552987,10.03602667767802,-1.2055750423950196,reject
"SPY RSI2<2 5m dip, no trend filter",132,53,-0.013003528643450965,-0.053003528643450974,0.11804659934519952,-3.55854363634099,0.0906312305452694,11.033724180766914,-1.3250882160862743,reject
"SPY RSI2<5 5m dip, above 200-bar avg",321,79,-0.0004586864616164326,-0.04045868646161643,0.040393034451109824,-4.026317089175068,0.08011205797857744,12.482515431914225,-1.0114671615404107,reject
"SPY RSI2<5 5m dip, no trend filter",607,195,-0.0009326328349534094,-0.04093263283495341,0.02842875106866982,-5.481738878488491,0.07444762421937272,13.432262083385336,-1.023315820873835,reject
"SPY RSI2<10 5m dip, above 200-bar avg",1121,354,0.00047440647762505515,-0.03952559352237495,-0.01923422815660526,-6.69298208452846,0.0692667121879351,14.4369491262526,-0.9881398380593737,reject
"SPY RSI2<10 5m dip, no trend filter",2069,755,0.004848343370450082,-0.035151656629549916,-0.014291596162808028,-6.7151934634653765,0.06951008304945651,14.386402031608835,-0.8787914157387479,reject
"SPY RSI2<15 5m dip, above 200-bar avg",2443,764,-0.0015674366635780354,-0.04156743666357803,-0.027121358046203883,-10.895396742434162,0.06532930147110957,15.307067081411052,-1.0391859165894508,reject
"SPY RSI2<15 5m dip, no trend filter",4484,1635,0.005414891563332345,-0.03458510843666766,-0.023665687346025064,-8.418833797213692,0.07036524215394024,14.211561978459034,-0.8646277109166914,reject
"SPY RSI3<2 5m dip, above 200-bar avg",1,1,,,,,,,,NOT ENOUGH TRADES
"SPY RSI3<2 5m dip, no trend filter",7,12,,,,,,,,NOT ENOUGH TRADES
"SPY RSI3<5 5m dip, above 200-bar avg",21,7,,,,,,,,NOT ENOUGH TRADES
"SPY RSI3<5 5m dip, no trend filter",62,33,0.007765048759128855,-0.03223495124087115,0.1580008333051771,-1.023107982478946,0.0790040739138054,12.657575115569541,-0.8058737810217786,reject
"SPY RSI3<10 5m dip, above 200-bar avg",115,34,0.001607547519112986,-0.03839245248088701,0.08248354213165195,-1.8900131591032994,0.05873717525304373,17.024993042173588,-0.9598113120221753,reject
"SPY RSI3<10 5m dip, no trend filter",290,145,-0.002258888272980746,-0.042258888272980744,0.046430966988195266,-3.2973433793840123,0.0657079599300462,15.218856300889827,-1.0564722068245185,reject
"SPY RSI3<15 5m dip, above 200-bar avg",396,128,0.002688044022574173,-0.03731195597742583,-0.005671860802067129,-4.481407000115084,0.0552784656085648,18.090227161534326,-0.9327988994356456,reject
"SPY RSI3<15 5m dip, no trend filter",919,400,-0.0027960000837283804,-0.042796000083728386,0.0022459602313393257,-6.287219034594622,0.06555449983164355,15.25448295034194,-1.0699000020932097,reject
"SPY gap DOWN more than 0.3%, buy at open, flat at close",16,13,,,,,,,,NOT ENOUGH TRADES
"SPY gap DOWN more than 0.3%, sell at open, flat at close",305,137,0.04078815607412411,0.0007881560741240895,-0.051685389648332275,0.014818417057574144,1.0118124849461596,0.988325420844369,0.019703901853102238,reject
"SPY gap DOWN more than 0.5%, buy at open, flat at close",3,3,,,,,,,,NOT ENOUGH TRADES
"SPY gap DOWN more than 0.5%, sell at open, flat at close",190,93,0.07725707467092674,0.037257074670926704,-0.07160245020027124,0.490213743091954,1.3100859696088425,0.7633086859930069,0.9314268667731675,reject
"SPY gap UP more than 0.3%, buy at open, flat at close",435,151,0.021800072978819144,-0.018199927021180857,-0.02097336294655764,-0.4966079935667668,0.8283215526285252,1.2072606306411864,-0.45499817552952143,reject
"SPY gap UP more than 0.3%, sell at open, flat at close",26,9,,,,,,,,NOT ENOUGH TRADES
"SPY gap UP more than 0.5%, buy at open, flat at close",242,93,0.06391588585847428,0.023915885858474276,-0.009074919528509215,0.40021293670888525,1.106676379918653,0.9036065268452785,0.5978971464618569,reject
"SPY gap UP more than 0.5%, sell at open, flat at close",13,2,,,,,,,,NOT ENOUGH TRADES
"QQQ RSI2<2 5m dip, above 200-bar avg",58,21,-0.01281183111845263,-0.05281183111845262,-0.11083183367176835,-2.2369178448836204,0.09057950508814996,11.040024992704721,-1.3202957779613154,reject
"QQQ RSI2<2 5m dip, no trend filter",131,49,0.04514795679124785,0.0051479567912478446,0.017917893790400635,0.1247640043183653,0.10321299463520031,9.688702508191296,0.1286989197811961,reject
"QQQ RSI2<5 5m dip, above 200-bar avg",311,97,0.012767894348330009,-0.027232105651669995,0.020774640037437682,-1.7366247146868898,0.09181785847540863,10.891127462614778,-0.6808026412917498,reject
"QQQ RSI2<5 5m dip, no trend filter",600,198,0.026951924532735715,-0.013048075467264296,0.015157505836305978,-0.8270360001659569,0.10282603975584165,9.725163026549303,-0.3262018866816074,reject
"QQQ RSI2<10 5m dip, above 200-bar avg",1090,361,0.007832048098737039,-0.03216795190126296,-0.005837634865862234,-4.146267922547791,0.07921712347372677,12.623533349221661,-0.804198797531574,reject
"QQQ RSI2<10 5m dip, no trend filter",2017,711,0.008996641073166431,-0.03100335892683357,0.001965260300107259,-4.249459349207098,0.0936500997110155,10.678045224573061,-0.7750839731708392,reject
"QQQ RSI2<15 5m dip, above 200-bar avg",2415,767,0.007223574393047848,-0.03277642560695215,-0.018049908911426833,-6.951408588556696,0.0780413368802572,12.813722060327477,-0.8194106401738038,reject
"QQQ RSI2<15 5m dip, no trend filter",4419,1536,0.00912472722370116,-0.030875272776298847,-0.013323466109137453,-6.336459323101147,0.09234263395805979,10.8292340941258,-0.7718818194074711,reject
"QQQ RSI3<2 5m dip, above 200-bar avg",3,2,,,,,,,,NOT ENOUGH TRADES
"QQQ RSI3<2 5m dip, no trend filter",19,8,,,,,,,,NOT ENOUGH TRADES
"QQQ RSI3<5 5m dip, above 200-bar avg",24,9,,,,,,,,NOT ENOUGH TRADES
"QQQ RSI3<5 5m dip, no trend filter",69,28,0.1412223527586525,0.10122235275865248,0.07424907505009608,1.142498800199726,0.11299144417171668,8.85022761971489,2.5305588189663117,reject
"QQQ RSI3<10 5m dip, above 200-bar avg",79,37,0.009060758981317082,-0.030939241018682923,-0.05502190641483593,-1.1187193285945622,0.08046543460109941,12.427696500459055,-0.7734810254670731,reject
"QQQ RSI3<10 5m dip, no trend filter",265,118,0.054090774515728815,0.014090774515728802,0.06887221408241138,0.427534678202426,0.10352476525164216,9.659524439096833,0.35226936289322003,reject
"QQQ RSI3<15 5m dip, above 200-bar avg",354,124,0.00278840684042392,-0.03721159315957609,-0.012538797156086166,-2.854944574079905,0.06184696208198614,16.16894292518961,-0.9302898289894023,reject
"QQQ RSI3<15 5m dip, no trend filter",890,346,0.01615751973450753,-0.023842480265492464,0.007835791643111791,-1.8296533169994718,0.08620808024400334,11.599840724553895,-0.5960620066373116,reject
"QQQ gap DOWN more than 0.3%, buy at open, flat at close",31,19,0.21096086040287518,0.17096086040287517,0.21579822638842447,1.0785177388336498,0.45605648502242174,2.192710843593937,4.274021510071879,reject
"QQQ gap DOWN more than 0.3%, sell at open, flat at close",367,167,0.027885701025295927,-0.01211429897470408,-0.08348697976294364,-0.21847486463470167,1.0517517344568936,0.9507947239244465,-0.302857474367602,reject
"QQQ gap DOWN more than 0.5%, buy at open, flat at close",7,5,,,,,,,,NOT ENOUGH TRADES
"QQQ gap DOWN more than 0.5%, sell at open, flat at close",236,124,0.039069784888084394,-0.000930215111915613,-0.06322544747448848,-0.011957458975863318,1.3519831866097924,0.7396541687086962,-0.023255377797890324,reject
"QQQ gap UP more than 0.3%, buy at open, flat at close",527,167,0.035515332382341454,-0.0044846676176585705,0.06529217813449884,-0.11915564204608571,0.8918199668144006,1.1213025467146926,-0.11211669044146426,reject
"QQQ gap UP more than 0.3%, sell at open, flat at close",34,13,-0.23270677437638165,-0.27270677437638163,-0.04885222952127038,-3.7747608249829345,0.288982966917493,3.460411562199471,-6.817669359409541,reject
"QQQ gap UP more than 0.5%, buy at open, flat at close",326,121,0.08814999680009925,0.04814999680009921,-0.048179020537410557,0.8747057361071714,1.0973581502823773,0.9112795122929331,1.2037499200024802,reject
"QQQ gap UP more than 0.5%, sell at open, flat at close",18,7,,,,,,,,NOT ENOUGH TRADES
