family,indicator,tf,eye_direction,eye_state,eye_tr_n,eye_tr_exp,eye_va_n,eye_va_exp,eye_va_win_pct,eye_va_ret_pct,eye_verdict,ungated_tr_n,ungated_tr_exp,ungated_va_n,ungated_va_exp,ungated_verdict,atr_gate_dir,atr_tr_n,atr_tr_exp,atr_va_n,atr_va_exp,control_n_draws,control_mean_va_exp,control_median_va_exp,control_pct_beat_eye,control_pct_beat_ungated
levels,Camarilla pivots (reversion),15m,short,transition|at range high|messy|expanding,21,3.3752,6,-8.7125,33.33,-0.52,UNRELIABLE,1646,-5.3263,585,-7.6385,FAIL,above,332,-9.185855339718062,158,-10.619123010879177,20,-20.439980000000002,-14.724,0.2,0.2
levels,Camarilla pivots (reversion),1h,short,uptrend|at range high|messy|expanding,32,60.4412,7,2.3081,42.86,0.16,UNRELIABLE,1352,-6.4489,464,-9.9824,FAIL,above,206,-9.807902549027677,115,6.984647771207544,20,-10.48193,-32.0364,0.4,0.4
levels,Williams fractals,15m,long,transition|at range high|clean|expanding,231,1.559,85,5.5682,45.88,4.73,SURVIVOR,27526,-0.3633,9617,-1.032,FAIL,below,1474,-5.1080334005036905,430,-4.539058646459578,20,-8.589134999999999,-11.795950000000001,0.15,0.3
levels,Williams fractals,1h,short,transition|at range low|messy|contracting,80,26.925,23,-12.1607,34.78,-2.8,FAIL,7274,-1.2769,2456,-3.4216,FAIL,below,659,-8.633116457414324,170,-12.928845770358995,20,-8.380669999999999,-13.593549999999999,0.5,0.35
momentum,Awesome Oscillator 0-cross,15m,long,downtrend|pulling back in trend|clean|expanding,44,11.5375,18,20.0969,55.56,3.62,SURVIVOR,6522,-1.4927,2035,-1.6763,FAIL,below,1052,-4.682547272574189,264,-9.954730827731472,20,-7.96691,-13.122349999999999,0.2,0.3
momentum,Awesome Oscillator 0-cross,1h,short,downtrend|pulling back in trend|messy|expanding,22,48.209,8,-107.7562,12.5,-8.62,FAIL,1551,-2.4564,495,-4.5783,FAIL,below,350,2.1691453668256147,83,-3.395539025647685,20,-6.42667,0.0,1.0,0.55
momentum,CCI extremes,15m,long,uptrend|pulling back in trend|clean|contracting,20,20.9137,7,31.3767,57.14,2.2,UNRELIABLE,12579,-0.7918,4282,-1.8985,FAIL,below,1203,-5.513922597348663,331,-7.652762560583516,20,-17.999559999999995,-14.4678,0.0,0.05
momentum,CCI extremes,1h,short,uptrend|at range high|messy|stalling,36,40.3902,15,-19.0523,33.33,-2.86,FAIL,3021,-3.1054,1053,-5.0046,FAIL,below,469,-10.443504647483039,122,-9.226932427981142,20,-25.662315,-20.9608,0.5,0.4
momentum,Connors RSI extremes,15m,long,transition|at range low|clean|contracting,34,12.1819,9,-45.6369,11.11,-4.11,FAIL,4297,-1.688,1520,-2.0278,FAIL,above,678,-7.4614295273047935,298,-7.5930041720991035,20,9.078105,5.411200000000001,1.0,0.5
momentum,Connors RSI extremes,1h,long,uptrend|pulling back in trend|clean|expanding,20,7.7935,6,-53.4716,16.67,-3.21,UNRELIABLE,1215,-0.8001,404,4.5607,FAIL,above,221,-4.615355939468848,91,-28.00305985580376,20,-32.081875000000004,-70.9649,0.35,0.25
momentum,Fisher Transform 0-cross,15m,long,uptrend|pulling back in trend|messy|stalling,32,10.2785,9,-45.6567,11.11,-4.11,FAIL,9860,-0.9844,3187,-2.1129,FAIL,above,1029,-4.77151468732752,457,-0.8495682974967893,20,-10.670535,-8.92285,0.95,0.15
momentum,Fisher Transform 0-cross,1h,long,uptrend|at range high|messy|contracting,29,51.1889,8,-66.7726,25.0,-5.34,FAIL,2439,1.6447,763,-3.1395,FAIL,below,477,-0.4702153556706475,108,-7.83733651835517,20,-19.638835000000007,-33.566,1.0,0.25
momentum,Momentum 0-cross,15m,short,transition|at range low|clean|expanding,197,8.425,76,-3.4637,39.47,-2.63,FAIL,21302,-0.4693,7003,-1.2889,FAIL,above,1145,-4.215764493133765,507,-5.332002742898508,20,-2.031595,-6.0566,0.45,0.4
momentum,Momentum 0-cross,1h,short,uptrend|pulling back in trend|clean|contracting,51,75.9938,13,-31.163,30.77,-4.05,FAIL,5666,-1.7032,1742,-1.9412,FAIL,below,598,-5.62494896557699,148,-8.819978841849514,20,9.874355,-3.85015,0.7,0.5
momentum,ROC 0-cross,15m,short,uptrend|at range high|messy|stalling,35,17.3008,14,-16.6928,28.57,-2.34,FAIL,19878,-0.5029,6429,-1.4509,FAIL,below,1359,-3.6185438367599603,398,-10.22427148582924,20,-11.50381,-12.995650000000001,0.65,0.1
momentum,ROC 0-cross,1h,short,transition|at range high|messy|contracting,39,66.0559,10,18.5194,50.0,1.85,SURVIVOR,5021,-1.5138,1541,-1.8323,FAIL,above,391,-4.853205261009008,196,-8.105697946787002,20,0.952845000000001,-26.6835,0.25,0.4
momentum,RSI 50-cross,15m,short,transition|at range high|clean|contracting,25,17.4188,7,46.3562,71.43,3.24,UNRELIABLE,16850,-0.593,5551,-1.6214,FAIL,below,1301,-5.347602835348344,353,-7.69405645845204,20,-4.228825000000001,-3.6563000000000003,0.05,0.5
momentum,RSI 50-cross,1h,long,downtrend|pulling back in trend|clean|contracting,37,43.8896,15,-23.2341,33.33,-3.49,FAIL,3876,-1.451,1300,-4.1582,FAIL,above,332,-2.954710850901847,172,7.046376480403397,20,-45.33803999999999,-38.3377,0.15,0.05
momentum,RSI OB/OS,15m,short,uptrend|at range high|messy|stalling,29,15.202,10,2.739,40.0,0.27,SURVIVOR,3307,-2.628,1081,-3.4485,FAIL,below,452,-8.629123883416238,92,-17.886965294149732,20,-11.950335,-20.0878,0.3,0.3
momentum,RSI OB/OS,1h,short,uptrend|at range high|clean|expanding,22,13.9317,5,-9.1597,40.0,-0.46,UNRELIABLE,995,-7.4869,335,-5.753,FAIL,below,169,-12.441278286239516,32,4.2710549410293766,20,-4.821,-11.0113,0.35,0.35
momentum,Stochastic %K/%D cross,15m,long,downtrend|at range low|messy|expanding,585,-1.3715,191,-8.8313,34.55,-16.87,FAIL,54753,-0.1826,18181,-0.5498,FAIL,below,1471,-5.064734274731536,450,-4.1183745920117545,20,-8.89997,-8.9235,0.4,0.1
momentum,Stochastic %K/%D cross,1h,long,downtrend|pulling back in trend|messy|expanding,257,23.2403,64,42.3154,48.44,27.08,SURVIVOR,13655,-0.7311,4543,-2.09,FAIL,below,663,-5.538629109079295,183,-11.257077454216926,20,0.40684499999999957,-7.4545,0.1,0.4
momentum,Stochastic RSI extremes,15m,long,transition|at range high|clean|expanding,33,18.9933,8,-33.7288,25.0,-2.7,FAIL,22754,-0.4394,7636,-1.2413,FAIL,below,1387,-5.305576741790905,409,-2.4467618584707793,20,-4.7912300000000005,-13.0366,1.0,0.35
momentum,Stochastic RSI extremes,1h,long,uptrend|at range low|messy|contracting,31,49.3561,14,-13.0645,42.86,-1.83,FAIL,5499,-1.7332,1870,-2.1437,FAIL,below,570,0.8894907133049345,156,-4.6785752979359385,20,-16.24787,-8.39875,0.5,0.5
momentum,Stochastic extremes,15m,long,transition|mid range|messy|stalling,73,15.215,24,-15.9797,29.17,-3.84,FAIL,18121,-0.5504,6345,-1.3545,FAIL,below,1248,-4.249380532928209,357,-5.22111512696855,20,-4.18056,-5.91085,0.8,0.4
momentum,Stochastic extremes,1h,short,downtrend|pulling back in trend|clean|expanding,32,63.1896,10,15.0399,40.0,1.5,SURVIVOR,4020,-2.2536,1520,0.7962,FAIL,below,507,-7.810699615295648,139,0.5292250830960309,20,-25.99928,-24.5393,0.1,0.1
momentum,TSI 0-cross,15m,short,uptrend|pulling back in trend|clean|expanding,40,21.8696,10,-17.084,30.0,-1.71,FAIL,4976,-1.8416,1565,-1.7037,FAIL,below,924,-4.709024038961256,241,-8.195223361135511,20,-11.69064,-9.2884,0.55,0.45
momentum,TSI 0-cross,1h,long,downtrend|at range high|messy|expanding,20,76.9324,6,-10.6153,33.33,-0.64,UNRELIABLE,1162,4.2496,361,3.4323,SURVIVOR,above,167,3.665702090260768,94,-0.0960194771092729,20,30.63494,40.79365,0.65,0.65
momentum,Ultimate Oscillator extremes,15m,short,transition|at range high|clean|expanding,32,24.8073,8,-34.5785,25.0,-2.77,FAIL,1510,2.7443,430,-5.4337,FAIL,below,348,-2.5315662523495464,65,-5.1812783448285,20,26.477890000000002,6.6167,0.95,0.95
momentum,Williams %R extremes,15m,long,transition|mid range|messy|stalling,73,15.215,24,-15.9797,29.17,-3.84,FAIL,18121,-0.5504,6345,-1.3545,FAIL,below,1248,-4.249380532928209,357,-5.22111512696855,20,-3.5842499999999995,-2.7487,0.85,0.35
momentum,Williams %R extremes,1h,short,downtrend|pulling back in trend|clean|expanding,32,63.1896,10,15.0399,40.0,1.5,SURVIVOR,4020,-2.2536,1520,0.7962,FAIL,below,507,-7.810699615295648,139,0.5292250830960309,20,-19.164250000000003,-34.9697,0.2,0.2
trend,ADX/DMI DI cross,15m,short,uptrend|at range high|clean|contracting,34,24.9859,8,-43.161,12.5,-3.45,FAIL,10624,-0.934,3541,-1.9647,FAIL,below,1139,-6.031586482285659,328,-9.897466181429577,20,-12.527174999999998,-15.2832,1.0,0.2
trend,ADX/DMI DI cross,1h,long,downtrend|pulling back in trend|messy|expanding,75,62.9792,16,-57.4254,18.75,-9.19,FAIL,2537,5.002,840,-1.9009,FAIL,below,420,-5.991481038586891,108,-3.757960234990218,20,9.208205000000001,13.9265,0.95,0.8
trend,ADX/DMI DI-cross+ADX>thresh,15m,long,downtrend|pulling back in trend|clean|contracting,34,23.775,8,40.6252,62.5,3.25,SURVIVOR,6259,-1.481,2072,-1.4556,FAIL,below,938,-5.451641318146256,235,-4.63109552683054,20,-3.4721099999999994,-5.2242500000000005,0.0,0.5
trend,ADX/DMI DI-cross+ADX>thresh,1h,long,downtrend|pulling back in trend|messy|expanding,28,50.1609,7,-67.9863,14.29,-4.76,UNRELIABLE,1636,1.3086,494,-1.9158,FAIL,above,234,-2.9776840990777997,124,2.9533991261418593,20,-7.6601,3.9097,0.75,0.55
trend,Aroon oscillator 0-cross,15m,long,uptrend|at range high|clean|contracting,22,18.4885,9,36.6628,66.67,3.3,SURVIVOR,10148,-0.9747,3395,-2.5174,FAIL,above,1004,-5.03588279604537,454,-3.1870404452796968,20,-11.067784999999997,-9.03555,0.0,0.25
trend,Aroon oscillator 0-cross,1h,long,transition|mid range|messy|stalling,32,19.8351,14,-23.8742,42.86,-3.34,FAIL,2561,-1.121,852,-1.7828,FAIL,below,500,-1.941089972888418,124,-5.627938213455955,20,-8.588429999999999,-3.813,0.85,0.3
trend,Aroon up/down cross,15m,long,uptrend|at range high|clean|contracting,22,18.4885,9,36.6628,66.67,3.3,SURVIVOR,10148,-0.9747,3395,-2.5174,FAIL,above,1004,-5.03588279604537,454,-3.1870404452796968,20,-18.083655,-21.0777,0.0,0.25
trend,Aroon up/down cross,1h,long,transition|mid range|messy|stalling,32,19.8351,14,-23.8742,42.86,-3.34,FAIL,2561,-1.121,852,-1.7828,FAIL,below,500,-1.941089972888418,124,-5.627938213455955,20,-34.91895,-81.1582,0.45,0.3
trend,DEMA cross,15m,long,uptrend|at range high|messy|expanding,83,14.5689,27,9.6829,44.44,2.61,SURVIVOR,8334,-1.1919,2815,-2.5422,FAIL,above,939,-4.057906522331273,426,-6.023322075953548,20,-17.322725,-16.4396,0.05,0.2
trend,DEMA cross,1h,long,downtrend|pulling back in trend|messy|contracting,53,57.2907,21,2.7863,38.1,0.59,SURVIVOR,1972,17.3215,649,-2.0284,FAIL,below,392,-5.492990159083802,88,-17.14638889653057,20,2.982335,-14.9295,0.1,0.1
trend,EMA cross,15m,short,uptrend|pulling back in trend|clean|expanding,51,27.4869,11,-25.0916,27.27,-2.76,FAIL,5168,-1.7366,1637,-1.9452,FAIL,below,928,-5.576013884000026,243,-11.166579788126525,20,-1.4770099999999997,1.7331,0.85,0.55
trend,EMA cross,1h,long,downtrend|at range high|messy|expanding,20,107.9981,8,-86.179,12.5,-6.89,FAIL,1182,4.6447,373,2.8346,SURVIVOR,above,167,8.273839992105694,96,1.55631090253947,20,12.551944999999998,14.5717,1.0,0.6
trend,Hull MA cross,15m,short,transition|at range low|clean|expanding,205,-0.5899,68,-15.4199,32.35,-10.49,FAIL,46841,-0.2135,15640,-0.6376,FAIL,below,1482,-4.172482300045044,430,-10.356433021141571,20,-6.753975000000001,-5.6145,0.9,0.15
trend,Hull MA cross,1h,long,transition|at range high|clean|contracting,23,43.6389,10,4.5749,50.0,0.46,SURVIVOR,11243,-0.8562,3892,-2.3956,FAIL,below,684,-4.229904227419767,187,-2.874585259321382,20,-17.043275,-22.1728,0.4,0.4
trend,KAMA cross,15m,long,downtrend|at range low|clean|expanding,36,4.1846,14,-33.9797,21.43,-4.76,FAIL,20454,-0.4889,6531,-1.3929,FAIL,below,1361,-5.095625563145542,371,-5.644722288420045,20,-13.22018,-12.52005,0.85,0.25
trend,KAMA cross,1h,long,downtrend|at range high|messy|expanding,82,43.6613,21,40.7692,47.62,8.56,SURVIVOR,5070,-1.9414,1562,-2.8861,FAIL,above,412,-6.9188526058215025,198,26.073000785245974,20,-22.599829999999994,-22.3309,0.15,0.15
trend,Linreg slope sign,15m,short,downtrend|pulling back in trend|clean|expanding,30,16.1777,10,-14.1198,30.0,-1.41,FAIL,7472,-1.3278,2409,-2.647,FAIL,below,1134,-3.991927589780233,310,-6.635330918669312,20,-4.151449999999999,-1.7708499999999998,0.6,0.55
trend,Linreg slope sign,1h,long,downtrend|at range high|messy|expanding,33,39.9071,21,67.6515,52.38,14.21,SURVIVOR,1837,3.1727,601,2.8028,SURVIVOR,below,424,-0.26763545119080656,104,-13.952281677501613,20,2.73301,16.32645,0.1,0.55
trend,MACD histogram 0-cross,15m,long,transition|at range high|clean|expanding,150,10.4011,51,-2.1438,39.22,-1.09,FAIL,10445,-0.9512,3627,-2.5227,FAIL,below,1195,-5.312692036189101,327,-3.141260885832271,20,2.2192950000000007,-2.06105,0.5,0.5
trend,MACD histogram 0-cross,1h,long,uptrend|pulling back in trend|messy|expanding,27,88.2522,4,147.5053,75.0,5.9,UNRELIABLE,2509,1.0477,843,-3.8654,FAIL,above,329,0.7123489122117141,168,11.996375154511085,20,-36.6963,-39.26205,0.0,0.25
trend,MACD line/signal cross,15m,long,transition|at range high|clean|expanding,150,10.4011,51,-2.1438,39.22,-1.09,FAIL,10445,-0.9512,3627,-2.5227,FAIL,below,1195,-5.312692036189101,327,-3.141260885832271,20,-6.87333,-7.4307,0.3,0.3
trend,MACD line/signal cross,1h,long,uptrend|pulling back in trend|messy|expanding,27,88.2522,4,147.5053,75.0,5.9,UNRELIABLE,2509,1.0477,843,-3.8654,FAIL,above,329,0.7123489122117141,168,11.996375154511085,20,-13.738980000000002,-17.0956,0.0,0.3
trend,Parabolic SAR,15m,long,uptrend|pulling back in trend|clean|contracting,22,16.6158,8,-38.5396,12.5,-3.08,FAIL,10110,-0.9746,3815,-2.2284,FAIL,below,1223,-4.164945673915012,358,-3.2307272777660216,20,-4.93011,-9.018699999999999,1.0,0.35
trend,Parabolic SAR,1h,long,downtrend|at range high|messy|expanding,48,34.0074,11,-0.5,36.36,-0.06,FAIL,2512,-3.1938,898,-3.9102,FAIL,below,482,-6.257205185035211,111,-15.64677073288748,20,3.753564999999999,6.68945,0.55,0.55
trend,SMA cross,15m,long,downtrend|pulling back in trend|clean|expanding,37,25.2523,7,22.2098,57.14,1.55,UNRELIABLE,5702,-1.7154,1817,-2.4621,FAIL,below,1031,-6.065214253134415,261,-7.241925775090115,20,-5.1842749999999995,-4.2292,0.0,0.45
trend,SMA cross,1h,short,downtrend|pulling back in trend|messy|expanding,22,36.6153,3,12.5528,66.67,0.38,UNRELIABLE,1334,29.6393,461,-7.5452,FAIL,below,336,20.352013092940382,83,-23.20037382226625,20,-6.12878,-2.7821,0.2,0.55
trend,SuperTrend,15m,short,downtrend|at range low|messy|contracting,22,19.7883,1,-65.1572,0.0,-0.65,UNRELIABLE,3160,-0.9444,986,-2.0747,FAIL,below,698,-5.961784893910589,174,-10.7292880204829,20,6.78152,2.4084000000000003,1.0,0.65
trend,SuperTrend,1h,short,uptrend|at range low|messy|expanding,25,15.1171,10,52.8555,50.0,5.29,SURVIVOR,729,-7.6876,254,-19.6468,FAIL,below,176,4.756996795919608,43,-1.6489158507517225,0,,,,
trend,TEMA cross,15m,long,uptrend|at range high|clean|contracting,30,23.5648,12,4.6787,41.67,0.56,SURVIVOR,11120,-0.8912,3883,-2.3835,FAIL,below,1218,-5.773651480432303,349,-1.5684500684950877,20,-16.88044,-18.4149,0.1,0.15
trend,TEMA cross,1h,long,downtrend|pulling back in trend|messy|expanding,109,69.4721,29,10.2704,44.83,2.98,SURVIVOR,2676,7.3592,895,3.7605,SURVIVOR,below,473,5.758246048497801,111,-3.791314654971388,20,1.7488250000000005,-18.8617,0.25,0.3
trend,TRIX 0-cross,15m,short,uptrend|pulling back in trend|clean|contracting,21,18.0544,2,-64.5484,0.0,-1.29,UNRELIABLE,3444,-1.328,1079,-2.5311,FAIL,below,781,-6.863280198639365,191,-3.6188512976374656,20,-11.133995000000002,-11.99775,1.0,0.35
trend,TRIX 0-cross,1h,short,downtrend|pulling back in trend|messy|contracting,20,54.4472,5,40.742,40.0,2.04,UNRELIABLE,815,-4.4524,271,-5.0257,FAIL,below,217,7.195584328799023,54,-6.961957584867479,20,2.5787300000000015,-11.7588,0.2,0.35
trend,Vortex VI+/VI- cross,15m,short,transition|at range high|messy|contracting,106,11.9539,40,-11.7803,35.0,-4.71,FAIL,15324,-0.6512,4811,-1.7487,FAIL,below,1312,-4.958859575819919,372,-11.022368962417886,20,-3.290625,-2.76355,0.7,0.45
trend,Vortex VI+/VI- cross,1h,long,downtrend|pulling back in trend|clean|expanding,45,58.0947,17,6.9805,47.06,1.19,SURVIVOR,3963,1.562,1210,-0.9526,FAIL,above,352,7.27685022242209,168,-8.193502085638935,20,-6.302695,-3.8066999999999998,0.45,0.5
volatility,BB-inside-KC squeeze release,15m,long,transition|mid range|clean|contracting,22,21.9344,5,-15.0765,40.0,-0.75,UNRELIABLE,3074,-2.6452,1085,-3.5299,FAIL,above,418,-6.638688357960502,231,-5.5405133221979215,20,-12.378950000000001,-23.8752,0.35,0.3
volatility,BB-inside-KC squeeze release,1h,short,transition|at range low|messy|contracting,28,33.9114,4,-128.863,0.0,-5.15,UNRELIABLE,804,5.1173,263,0.1924,SURVIVOR,above,140,15.901090348394765,65,5.270649790336813,20,-7.980079999999998,-7.423,1.0,0.35
volatility,Bollinger breakout,15m,short,transition|at range low|clean|contracting,28,9.4619,8,-43.3608,12.5,-3.47,FAIL,4858,-1.9689,1630,-3.5299,FAIL,below,933,-5.483868127118659,251,-13.120935295830295,20,-29.007374999999996,-20.7338,0.6,0.1
volatility,Bollinger breakout,1h,long,uptrend|at range high|messy|expanding,28,16.4472,7,-24.3858,42.86,-1.71,UNRELIABLE,1256,4.2692,407,-1.8498,FAIL,above,191,-1.9346506624038282,108,-8.777098316292639,20,-24.232075000000002,12.7582,0.6,0.6
volatility,Bollinger mean-revert,15m,short,transition|at range high|messy|contracting,30,6.0092,7,-6.6286,42.86,-0.46,UNRELIABLE,4858,-1.6848,1630,-2.9259,FAIL,above,641,-3.0009762780775047,310,-3.5780492009933016,20,12.54516,6.9521,0.65,0.65
volatility,Bollinger mean-revert,1h,long,transition|at range low|clean|expanding,32,17.3832,9,-20.0145,33.33,-1.8,FAIL,1256,-7.1797,407,-8.2371,FAIL,above,226,-7.203413852823481,96,-32.72012422133577,20,10.664794999999998,-9.7538,0.6,0.45
volatility,Chandelier exit,15m,short,transition|at range high|messy|contracting,22,4.7959,3,47.9926,66.67,1.44,UNRELIABLE,13953,-0.7165,3092,-2.2514,FAIL,below,1094,-5.903555302348242,252,-9.525846231730254,20,-1.314085,-0.9175499999999999,0.0,0.5
volatility,Chandelier exit,1h,short,transition|at range low|messy|contracting,25,73.7116,5,-2.9172,40.0,-0.15,UNRELIABLE,2742,-2.9346,794,-4.3332,FAIL,below,350,6.902097915472566,82,-7.799350577529189,20,0.38390499999999966,0.19330000000000003,0.55,0.55
volatility,Keltner breakout,15m,long,uptrend|at range high|clean|expanding,31,3.1035,7,31.4924,57.14,2.2,UNRELIABLE,2933,-2.7075,897,-0.5442,FAIL,below,656,-1.1805840874327513,151,-11.70573721669682,20,-5.688835000000001,-9.482,0.15,0.4
volatility,Keltner mean-revert,15m,short,transition|at range high|messy|expanding,22,4.9186,4,-22.9549,25.0,-0.92,UNRELIABLE,2933,-2.6718,897,-6.2725,FAIL,above,485,-6.240016568766542,217,-13.488754276099607,20,-17.57842,-20.8683,0.65,0.45
volatility,Stdev channel mean-revert,15m,short,transition|at range high|messy|expanding,21,-6.8278,5,36.8503,60.0,1.84,UNRELIABLE,2414,-3.5998,791,-4.629,FAIL,below,595,-7.989087594755288,133,-8.242885979618537,20,-36.28569,-47.4939,0.1,0.1
volume,A/D line trend (vs own MA),15m,short,transition|at range low|clean|contracting,63,9.3379,30,-8.7109,36.67,-2.61,FAIL,18287,-0.5468,5899,-1.6717,FAIL,below,1308,-4.558110661298232,381,-11.115391071092361,20,-13.424325,-15.85925,0.45,0.4
volume,A/D line trend (vs own MA),1h,short,downtrend|at range low|clean|expanding,25,63.8265,13,21.08,53.85,2.74,SURVIVOR,4518,-2.179,1483,-5.6096,FAIL,below,529,-4.588578822571848,140,-11.725436157585513,20,-10.516215000000003,-5.8927000000000005,0.35,0.5
volume,CMF 0-cross,15m,short,transition|at range low|messy|contracting,154,0.5134,47,-27.8678,25.53,-13.1,FAIL,15917,-0.6283,5259,-1.8285,FAIL,below,1253,-4.901001243064656,360,-8.621639183419527,20,-6.111005,-6.0296,1.0,0.4
volume,CMF 0-cross,1h,long,uptrend|pulling back in trend|clean|contracting,20,61.8916,10,99.7137,80.0,9.97,SURVIVOR,3764,-2.0755,1261,-5.1749,FAIL,below,494,-5.193915723075695,133,-3.844214380712928,20,-16.224790000000002,-16.67155,0.05,0.35
volume,Ease of Movement 0-cross,15m,short,transition|at range low|clean|contracting,294,0.2859,102,-11.1914,34.31,-11.42,FAIL,58265,-0.1716,18607,-0.537,FAIL,below,1481,-4.36150467210802,433,-8.430102467444994,20,-8.99531,-11.3527,0.4,0.2
volume,Ease of Movement 0-cross,1h,long,transition|at range low|clean|expanding,31,23.0004,6,36.0348,50.0,2.16,UNRELIABLE,14727,-0.6756,4857,-1.8073,FAIL,above,540,-4.379365437162659,258,-12.41013655273228,20,-12.367174999999998,-13.4568,0.0,0.25
volume,Force Index 0-cross,15m,short,uptrend|at range high|clean|contracting,20,20.8178,7,24.516,57.14,1.72,UNRELIABLE,14135,-0.7074,4943,-1.7412,FAIL,above,966,-4.367402339056398,442,-5.839667326976252,20,-3.9791450000000004,-3.42245,0.0,0.35
volume,Force Index 0-cross,1h,short,downtrend|at range low|clean|expanding,20,62.761,3,93.7253,66.67,2.81,UNRELIABLE,3385,-1.3876,1128,-4.1421,FAIL,below,468,-6.888004956345883,117,-10.124240981900382,20,-29.707669999999997,-32.458149999999996,0.0,0.2
volume,MFI extremes,15m,short,uptrend|at range high|messy|contracting,150,4.2272,36,-23.4365,22.22,-8.44,FAIL,4167,-2.1002,1373,-1.7086,FAIL,below,650,-5.496396737459632,157,-12.62305437501226,20,-6.986454999999999,-3.689,0.85,0.5
volume,MFI extremes,1h,long,downtrend|at range low|messy|contracting,31,31.7947,12,21.425,58.33,2.57,SURVIVOR,1027,-7.2102,376,-2.313,FAIL,below,177,-20.287478099243756,49,-3.0222289404559795,20,-11.776565,-15.8721,0.0,0.45
volume,OBV divergence,15m,short,downtrend|pulling back in trend|messy|contracting,29,13.1619,6,-21.4887,33.33,-1.29,UNRELIABLE,2225,-3.8905,700,-3.549,FAIL,below,588,-9.042642029714369,154,-12.514854929934835,20,-11.484355,-10.5886,0.7,0.3
volume,OBV divergence,1h,short,transition|at range high|messy|expanding,23,21.4594,4,-128.4818,0.0,-5.14,UNRELIABLE,354,-3.9774,123,19.2585,FAIL,below,120,-13.246715419745685,36,-15.35704640967333,8,-52.5536,-50.9911,1.0,0.0
volume,OBV trend (vs own MA),15m,long,downtrend|at range low|clean|expanding,29,13.4682,9,46.9743,66.67,4.23,SURVIVOR,16704,-0.5986,5590,-1.6689,FAIL,below,1288,-5.091059265976351,369,-7.919113257859338,20,-6.747455,-4.502,0.0,0.25
volume,OBV trend (vs own MA),1h,short,downtrend|at range low|clean|expanding,26,63.5877,6,26.8606,50.0,1.61,UNRELIABLE,4228,3.7068,1347,-0.4838,FAIL,below,508,-0.8718665293726884,135,1.581720166088713,20,-24.739919999999998,-29.465049999999998,0.15,0.25
volume,VWAP fade band,15m,short,uptrend|pulling back in trend|messy|stalling,21,15.6276,12,20.4614,58.33,2.46,SURVIVOR,6567,-1.5195,2252,-3.5812,FAIL,below,986,-5.255345251074045,281,-8.327303704313172,20,-14.682075000000001,-18.46575,0.05,0.2
volume,VWAP fade band,1h,long,transition|mid range|messy|contracting,26,35.2899,9,36.9252,44.44,3.32,SURVIVOR,2463,-3.9607,825,-6.6694,FAIL,below,441,-8.7932064185491,111,-18.13051590906507,20,-23.17399,-24.7796,0.15,0.15
volume,VWAP session cross,15m,short,uptrend|pulling back in trend|clean|expanding,250,9.227,83,-18.9712,28.92,-15.75,FAIL,15058,-0.6519,4999,-1.5814,FAIL,above,961,-2.9404328417602974,441,-5.317632794663612,20,-7.4114,-7.6191,0.95,0.3
volume,VWAP session cross,1h,short,transition|at range high|clean|contracting,31,36.0439,6,83.0688,50.0,4.98,UNRELIABLE,7028,-0.6439,2319,-2.4628,FAIL,above,456,-1.8619723078069208,206,-1.8318174764504893,20,-21.33965,-22.95085,0.0,0.2
volume,Volume oscillator confirm,15m,long,transition|at range high|clean|expanding,191,15.8344,54,-7.6029,38.89,-4.11,FAIL,32490,-0.3078,10691,-0.9246,FAIL,below,1373,-5.387657979930345,389,-5.792655514714866,20,-14.863159999999999,-13.16825,0.15,0.05
volume,Volume oscillator confirm,1h,short,downtrend|at range low|clean|contracting,38,46.1376,18,-9.7027,33.33,-1.75,FAIL,8557,-1.1305,2844,-3.1,FAIL,below,583,-4.938060433257683,143,-3.7835664725848197,20,-5.0747100000000005,-5.8514,0.6,0.35
