family,config,tf,stop%,target%,max_hold_h,tr_n,tr_exp,tr_win%,tr_ret%,tr_dd%,va_n,va_exp,va_win%,va_ret%,va_dd%,med_hold_h,mean_hold_h,verdict,n_events_tr_va,realized_cost_bps,gross_edge_bps,base_tool,threshold,k
1-sweep,k5 tol0.05% depth0.3% tgt2x hold3d,1h,0.3153389773919723,0.6306779547839446,72,24,-17.238307913629267,25.0,-4.137193899271018,-4.959943177755412,6,-25.584344812164392,16.666666666666664,-1.5350606887298612,-1.5350606887298637,1.0,1.9333333333333333,FAIL,51,,,,,
1-sweep,k5 tol0.05% depth0.3% tgt2x hold7d,1h,0.3153389773919723,0.6306779547839446,168,21,-22.96399752926161,19.047619047619047,-4.822439481144936,-4.93492781271887,6,-25.584344812164392,16.666666666666664,-1.5350606887298612,-1.5350606887298637,1.0,1.5185185185185186,FAIL,51,,,,,
1-sweep,k5 tol0.05% depth0.3% tgt3x hold3d,1h,0.3153389773919723,0.9460169321759169,72,24,-25.658981184708257,12.5,-6.158155484329986,-7.537029868285828,6,-42.04460862322685,0.0,-2.522676517393607,-2.522676517393611,1.0,3.966666666666667,FAIL,51,,,,,
1-sweep,k5 tol0.05% depth0.3% tgt3x hold7d,1h,0.3153389773919723,0.9460169321759169,168,21,-29.13256509302924,9.523809523809524,-6.117838669536136,-6.5481126493376705,6,-42.04460862322685,0.0,-2.522676517393607,-2.522676517393611,1.0,2.5925925925925926,FAIL,51,,,,,
1-sweep,k5 tol0.05% depth0.6% tgt2x hold3d,1h,0.43033081085738156,0.8606616217147631,72,31,-10.407659781583964,32.25806451612903,-3.226374532291032,-5.226705026716772,6,-31.322762893548617,16.666666666666664,-1.8793657736129177,-1.879365773612917,1.0,4.675675675675675,FAIL,73,,,,,
1-sweep,k5 tol0.05% depth0.6% tgt2x hold7d,1h,0.43033081085738156,0.8606616217147631,168,28,-10.541545138963752,32.142857142857146,-2.9516326389098513,-5.380385713356407,6,-31.322762893548617,16.666666666666664,-1.8793657736129177,-1.879365773612917,1.0,4.529411764705882,FAIL,73,,,,,
1-sweep,k5 tol0.05% depth0.6% tgt3x hold3d,1h,0.43033081085738156,1.2909924325721447,72,31,-13.79647760248231,22.58064516129032,-4.276908056769512,-6.901867863084997,6,-53.28600727743136,0.0,-3.197160436645885,-3.1971604366458815,3.0,6.081081081081081,FAIL,73,,,,,
1-sweep,k5 tol0.05% depth0.6% tgt3x hold7d,1h,0.43033081085738156,1.2909924325721447,168,28,-9.570148995817947,25.0,-2.679641718829029,-5.859450646863513,6,-53.28600727743136,0.0,-3.197160436645885,-3.1971604366458815,3.0,5.764705882352941,FAIL,73,,,,,
1-sweep,k5 tol0.10% depth0.3% tgt2x hold3d,1h,0.30636487325418105,0.6127297465083621,72,52,-9.307094675292284,32.69230769230769,-4.839689231151989,-7.7798786605279195,16,1.4309064487383694,43.75,0.2289450317981334,-1.2472573073819149,1.0,1.9705882352941178,FAIL,129,,,,,
1-sweep,k5 tol0.10% depth0.3% tgt2x hold7d,1h,0.30636487325418105,0.6127297465083621,168,45,-8.691315578169128,33.33333333333333,-3.9110920101761093,-6.620373480743001,13,-3.758085481975286,38.46153846153847,-0.48855111265678763,-1.5050805903679976,1.0,1.6896551724137931,FAIL,129,,,,,
1-sweep,k5 tol0.10% depth0.3% tgt3x hold3d,1h,0.30636487325418105,0.9190946197625431,72,52,-11.6707756700157,23.076923076923077,-6.068803348408169,-8.542738506610496,16,-25.19712306504084,12.5,-4.031539690406538,-4.031539690406535,1.0,3.6323529411764706,FAIL,129,,,,,
1-sweep,k5 tol0.10% depth0.3% tgt3x hold7d,1h,0.30636487325418105,0.9190946197625431,168,45,-12.63162149681856,22.22222222222222,-5.684229673568353,-7.851268869525102,13,-31.142967144880878,7.6923076923076925,-4.048585728834519,-4.048585728834514,1.0,2.4827586206896552,FAIL,129,,,,,
1-sweep,k5 tol0.10% depth0.6% tgt2x hold3d,1h,0.4258013131426538,0.8516026262853076,72,64,-5.513675921483156,35.9375,-3.528752589749218,-6.188038090333212,20,-26.23485556255455,20.0,-5.246971112510912,-5.337312810196155,1.0,4.773809523809524,FAIL,186,,,,,
1-sweep,k5 tol0.10% depth0.6% tgt2x hold7d,1h,0.4258013131426538,0.8516026262853076,168,54,-1.6689275855959986,38.88888888888889,-0.9012208962218438,-4.666232216377594,15,-26.294830727888257,20.0,-3.9442246091832334,-4.035808402579259,1.0,4.492753623188406,FAIL,186,,,,,
1-sweep,k5 tol0.10% depth0.6% tgt3x hold3d,1h,0.4258013131426538,1.2774039394279613,72,64,-14.645931743822388,21.875,-9.373396316046323,-10.833458796217746,20,-34.82270919217872,10.0,-6.9645418384357445,-7.053245928784355,3.0,6.738095238095238,FAIL,186,,,,,
1-sweep,k5 tol0.10% depth0.6% tgt3x hold7d,1h,0.4258013131426538,1.2774039394279613,168,54,-8.095783491073908,25.925925925925924,-4.371723085179912,-7.568204118256053,15,-40.5479191377571,6.666666666666667,-6.082187870663569,-6.1717332360230515,3.0,6.869565217391305,FAIL,186,,,,,
1-sweep,k8 tol0.05% depth0.3% tgt2x hold3d,1h,0.33095674868090097,0.6619134973618019,72,16,2.356346422113461,43.75,0.3770154275381632,-2.069333343295404,3,-8.590406372981306,33.33333333333333,-0.2577121911894409,-0.44064094717930075,1.0,3.789473684210526,FAIL,35,,,,,
1-sweep,k8 tol0.05% depth0.3% tgt2x hold7d,1h,0.33095674868090097,0.6619134973618019,168,15,-1.6646712929252923,40.0,-0.24970069393879246,-2.6372422232276205,3,-8.590406372981306,33.33333333333333,-0.2577121911894409,-0.44064094717930075,0.5,3.7222222222222223,FAIL,35,,,,,
1-sweep,k8 tol0.05% depth0.3% tgt3x hold3d,1h,0.33095674868090097,0.9928702460427029,72,16,16.775941768113853,43.75,2.684150682898223,-1.789148108800763,3,-43.47641969051498,0.0,-1.3042925907154501,-1.3042925907154495,2.0,5.894736842105263,FAIL,35,,,,,
1-sweep,k8 tol0.05% depth0.3% tgt3x hold7d,1h,0.33095674868090097,0.9928702460427029,168,15,11.35629744937966,40.0,1.7034446174069462,-2.3586818084970402,3,-43.47641969051498,0.0,-1.3042925907154501,-1.3042925907154495,1.5,5.722222222222222,FAIL,35,,,,,
1-sweep,k8 tol0.05% depth0.6% tgt2x hold3d,1h,0.49034369885433476,0.9806873977086695,72,20,1.861302909323058,40.0,0.3722605818646141,-4.148767850027897,4,-21.242260915716088,25.0,-0.8496904366286473,-1.4285365374039156,4.0,7.5,FAIL,51,,,,,
1-sweep,k8 tol0.05% depth0.6% tgt2x hold7d,1h,0.49034369885433476,0.9806873977086695,168,19,5.11895847735382,42.10526315789473,0.9726021106972293,-3.575467269610258,4,-21.242260915716088,25.0,-0.8496904366286473,-1.4285365374039156,3.0,7.608695652173913,FAIL,51,,,,,
1-sweep,k8 tol0.05% depth0.6% tgt3x hold3d,1h,0.49034369885433476,1.4710310965630042,72,20,-28.186772848006967,15.0,-5.637354569601394,-7.745820163041567,4,-58.948073696688425,0.0,-2.357922947867541,-2.7135696111732424,5.0,10.5,FAIL,51,,,,,
1-sweep,k8 tol0.05% depth0.6% tgt3x hold7d,1h,0.49034369885433476,1.4710310965630042,168,19,-26.699776049374602,15.789473684210526,-5.072957449381176,-7.19403409143704,4,-58.948073696688425,0.0,-2.357922947867541,-2.7135696111732424,5.0,10.73913043478261,FAIL,51,,,,,
1-sweep,k8 tol0.10% depth0.3% tgt2x hold3d,1h,0.3112498803876249,0.6224997607752498,72,28,0.8627616506747862,42.857142857142854,0.24157326218894326,-2.2930470015500894,12,-0.3778916205992573,41.66666666666667,-0.04534699447190649,-0.8330944505007938,0.5,2.475,FAIL,76,,,,,
1-sweep,k8 tol0.10% depth0.3% tgt2x hold7d,1h,0.3112498803876249,0.6224997607752498,168,26,0.2484467852306737,42.30769230769231,0.06459616415996905,-2.2516751937207204,10,-11.983924113600187,30.0,-1.1983924113600164,-1.1983924113600188,0.0,2.25,FAIL,76,,,,,
1-sweep,k8 tol0.10% depth0.3% tgt3x hold3d,1h,0.3112498803876249,0.9337496411628747,72,28,9.491290876797652,39.285714285714285,2.6575614455033536,-1.2593205919008894,12,1.6210226461924624,33.33333333333333,0.1945227175430997,-1.7322611300887365,0.5,3.625,INSUFFICIENT-SAMPLE,76,,,,,
1-sweep,k8 tol0.10% depth0.3% tgt3x hold7d,1h,0.3112498803876249,0.9337496411628747,168,26,8.23002673640062,38.46153846153847,2.1398069514641627,-1.2593205919008847,10,-15.726521651379153,20.0,-1.572652165137911,-2.074063237131104,0.0,3.5,FAIL,76,,,,,
1-sweep,k8 tol0.10% depth0.6% tgt2x hold3d,1h,0.4592405493476478,0.9184810986952956,72,33,-0.007763986482380212,39.39393939393939,-0.0025621155391841732,-2.888975549204244,14,-5.151775148762032,35.714285714285715,-0.7212485208266894,-2.2575941144275435,2.0,5.0638297872340425,FAIL,107,,,,,
1-sweep,k8 tol0.10% depth0.6% tgt2x hold7d,1h,0.4592405493476478,0.9184810986952956,168,30,5.6356092158571,43.333333333333336,1.6906827647571232,-2.2726981343280155,12,-20.356221038377498,25.0,-2.4427465246052993,-2.5182207688578657,2.0,5.285714285714286,FAIL,107,,,,,
1-sweep,k8 tol0.10% depth0.6% tgt3x hold3d,1h,0.4592405493476478,1.3777216480429435,72,33,-26.897843146434752,15.151515151515152,-8.876288238323472,-10.319758501512625,14,11.129347681936062,35.714285714285715,1.5581086754710594,-2.257594114427519,3.0,8.23404255319149,FAIL,107,,,,,
1-sweep,k8 tol0.10% depth0.6% tgt3x hold7d,1h,0.4592405493476478,1.3777216480429435,168,30,-18.566051001810592,20.0,-5.56981530054318,-7.526813953661771,12,-9.212553069929527,25.0,-1.10550636839154,-2.2575941144275515,3.0,8.5,FAIL,107,,,,,
1-sweep,k5 tol0.05% depth0.3% tgt2x hold3d,4h,0.49531603316463874,0.9906320663292775,72,2,16.742431604113335,50.0,0.334848632082263,-0.6048523378916596,1,-60.57799067513588,0.0,-0.6057799067513581,-0.6057799067513587,0.0,1.3333333333333333,FAIL,4,,,,,
1-sweep,k5 tol0.05% depth0.3% tgt2x hold7d,4h,0.49531603316463874,0.9906320663292775,168,2,16.742431604113335,50.0,0.334848632082263,-0.6048523378916596,1,-60.57799067513588,0.0,-0.6057799067513581,-0.6057799067513587,0.0,1.3333333333333333,FAIL,4,,,,,
1-sweep,k5 tol0.05% depth0.3% tgt3x hold3d,4h,0.49531603316463874,1.4859480994939163,72,2,41.10258371841246,50.0,0.8220516743682404,-0.6048523378916884,1,-60.57799067513588,0.0,-0.6057799067513581,-0.6057799067513587,0.0,2.6666666666666665,FAIL,4,,,,,
1-sweep,k5 tol0.05% depth0.3% tgt3x hold7d,4h,0.49531603316463874,1.4859480994939163,168,2,41.10258371841246,50.0,0.8220516743682404,-0.6048523378916884,1,-60.57799067513588,0.0,-0.6057799067513581,-0.6057799067513587,0.0,2.6666666666666665,FAIL,4,,,,,
1-sweep,k5 tol0.05% depth0.6% tgt2x hold3d,4h,0.5220331406455181,1.0440662812910362,72,4,-22.59077995872758,25.0,-0.9036311983491085,-1.8836592906685627,1,-63.25210644380422,0.0,-0.6325210644380408,-0.6325210644380422,0.0,0.8,FAIL,8,,,,,
1-sweep,k5 tol0.05% depth0.6% tgt2x hold7d,4h,0.5220331406455181,1.0440662812910362,168,4,-22.59077995872758,25.0,-0.9036311983491085,-1.8836592906685627,1,-63.25210644380422,0.0,-0.6325210644380408,-0.6325210644380422,0.0,0.8,FAIL,8,,,,,
1-sweep,k5 tol0.05% depth0.6% tgt3x hold3d,4h,0.5220331406455181,1.5660994219365543,72,4,-10.036272121930324,25.0,-0.40145088487720804,-1.8836592906685954,1,-63.25210644380422,0.0,-0.6325210644380408,-0.6325210644380422,0.0,2.4,FAIL,8,,,,,
1-sweep,k5 tol0.05% depth0.6% tgt3x hold7d,4h,0.5220331406455181,1.5660994219365543,168,4,-10.036272121930324,25.0,-0.40145088487720804,-1.8836592906685954,1,-63.25210644380422,0.0,-0.6325210644380408,-0.6325210644380422,0.0,2.4,FAIL,8,,,,,
1-sweep,k5 tol0.10% depth0.3% tgt2x hold3d,4h,0.5071281075481471,1.0142562150962942,72,5,33.512807519461056,60.0,1.6756403759730532,-0.6166537835344096,2,17.541908377200343,50.0,0.35083816754399866,-0.617602614127988,0.0,1.1428571428571428,INSUFFICIENT-SAMPLE,10,,,,,
1-sweep,k5 tol0.10% depth0.3% tgt2x hold7d,4h,0.5071281075481471,1.0142562150962942,168,5,33.512807519461056,60.0,1.6756403759730532,-0.6166537835344096,2,17.541908377200343,50.0,0.35083816754399866,-0.617602614127988,0.0,1.1428571428571428,INSUFFICIENT-SAMPLE,10,,,,,
1-sweep,k5 tol0.10% depth0.3% tgt3x hold3d,4h,0.5071281075481471,1.5213843226444412,72,5,64.62703028613177,60.0,3.2313515143065796,-0.7809879689506422,2,42.74675189285881,50.0,0.8549350378571852,-0.6176026141279994,0.0,12.0,INSUFFICIENT-SAMPLE,10,,,,,
1-sweep,k5 tol0.10% depth0.3% tgt3x hold7d,4h,0.5071281075481471,1.5213843226444412,168,5,64.62703028613177,60.0,3.2313515143065796,-0.7809879689506422,2,42.74675189285881,50.0,0.8549350378571852,-0.6176026141279994,0.0,12.0,INSUFFICIENT-SAMPLE,10,,,,,
1-sweep,k5 tol0.10% depth0.6% tgt2x hold3d,4h,0.5251260993593808,1.0502521987187616,72,7,6.560741318471888,42.857142857142854,0.4592518922930333,-1.2652435375863056,5,35.09154263919045,60.0,1.7545771319595227,-1.2671935274848274,0.0,1.0,INSUFFICIENT-SAMPLE,17,,,,,
1-sweep,k5 tol0.10% depth0.6% tgt2x hold7d,4h,0.5251260993593808,1.0502521987187616,168,7,6.560741318471888,42.857142857142854,0.4592518922930333,-1.2652435375863056,5,35.09154263919045,60.0,1.7545771319595227,-1.2671935274848274,0.0,1.0,INSUFFICIENT-SAMPLE,17,,,,,
1-sweep,k5 tol0.10% depth0.6% tgt3x hold3d,4h,0.5251260993593808,1.5753782980781423,72,7,29.213956726866463,42.857142857142854,2.044976970880663,-1.2652435375863083,5,66.91079508443472,60.0,3.345539754221738,-1.26719352748486,0.0,8.0,INSUFFICIENT-SAMPLE,17,,,,,
1-sweep,k5 tol0.10% depth0.6% tgt3x hold7d,4h,0.5251260993593808,1.5753782980781423,168,7,29.213956726866463,42.857142857142854,2.044976970880663,-1.2652435375863083,5,66.91079508443472,60.0,3.345539754221738,-1.26719352748486,0.0,8.0,INSUFFICIENT-SAMPLE,17,,,,,
1-sweep,k8 tol0.05% depth0.3% tgt2x hold3d,4h,0.5799166487495779,1.1598332974991559,72,3,-8.681558299649623,33.33333333333333,-0.2604467489894846,-1.3700908033523154,0,0.0,0.0,0.0,0.0,4.0,2.6666666666666665,FAIL,4,,,,,
1-sweep,k8 tol0.05% depth0.3% tgt2x hold7d,4h,0.5799166487495779,1.1598332974991559,168,3,-8.681558299649623,33.33333333333333,-0.2604467489894846,-1.3700908033523154,0,0.0,0.0,0.0,0.0,4.0,2.6666666666666665,FAIL,4,,,,,
1-sweep,k8 tol0.05% depth0.3% tgt3x hold3d,4h,0.5799166487495779,1.7397499462487338,72,3,10.387963644709089,33.33333333333333,0.3116389093412719,-1.3700908033523034,0,0.0,0.0,0.0,0.0,4.0,2.6666666666666665,FAIL,4,,,,,
1-sweep,k8 tol0.05% depth0.3% tgt3x hold7d,4h,0.5799166487495779,1.7397499462487338,168,3,10.387963644709089,33.33333333333333,0.3116389093412719,-1.3700908033523034,0,0.0,0.0,0.0,0.0,4.0,2.6666666666666665,FAIL,4,,,,,
1-sweep,k8 tol0.05% depth0.6% tgt2x hold3d,4h,0.6408931155675005,1.281786231135001,72,6,-41.86165371555277,16.666666666666664,-2.5116992229331614,-3.7124394772371927,0,0.0,0.0,0.0,0.0,0.0,2.6666666666666665,FAIL,9,,,,,
1-sweep,k8 tol0.05% depth0.6% tgt2x hold7d,4h,0.6408931155675005,1.281786231135001,168,6,-41.86165371555277,16.666666666666664,-2.5116992229331614,-3.7124394772371927,0,0.0,0.0,0.0,0.0,0.0,2.6666666666666665,FAIL,9,,,,,
1-sweep,k8 tol0.05% depth0.6% tgt3x hold3d,4h,0.6408931155675005,1.9226793467025014,72,6,-31.574590938759382,16.666666666666664,-1.8944754563255617,-3.712439477237175,0,0.0,0.0,0.0,0.0,0.0,2.6666666666666665,FAIL,9,,,,,
1-sweep,k8 tol0.05% depth0.6% tgt3x hold7d,4h,0.6408931155675005,1.9226793467025014,168,6,-31.574590938759382,16.666666666666664,-1.8944754563255617,-3.712439477237175,0,0.0,0.0,0.0,0.0,0.0,2.6666666666666665,FAIL,9,,,,,
1-sweep,k8 tol0.10% depth0.3% tgt2x hold3d,4h,0.5799166487495779,1.1598332974991559,72,3,-8.681558299649623,33.33333333333333,-0.2604467489894846,-1.3700908033523154,1,111.86871127539052,100.0,1.1186871127539133,0.0,4.0,3.0,FAIL,5,,,,,
1-sweep,k8 tol0.10% depth0.3% tgt2x hold7d,4h,0.5799166487495779,1.1598332974991559,168,3,-8.681558299649623,33.33333333333333,-0.2604467489894846,-1.3700908033523154,1,111.86871127539052,100.0,1.1186871127539133,0.0,4.0,3.0,FAIL,5,,,,,
1-sweep,k8 tol0.10% depth0.3% tgt3x hold3d,4h,0.5799166487495779,1.7397499462487338,72,3,10.387963644709089,33.33333333333333,0.3116389093412719,-1.3700908033523034,1,-70.56580755427422,0.0,-0.7056580755427366,-1.5872257854965246,4.0,9.0,FAIL,5,,,,,
1-sweep,k8 tol0.10% depth0.3% tgt3x hold7d,4h,0.5799166487495779,1.7397499462487338,168,3,10.387963644709089,33.33333333333333,0.3116389093412719,-1.3700908033523034,1,-70.56580755427422,0.0,-0.7056580755427366,-1.5872257854965246,4.0,9.0,FAIL,5,,,,,
1-sweep,k8 tol0.10% depth0.6% tgt2x hold3d,4h,0.6487828035300944,1.2975656070601889,72,7,-46.774349758980215,14.285714285714285,-3.2742044831286177,-4.480442865484907,1,125.63918758530053,100.0,1.2563918758530024,0.0,0.0,2.5,FAIL,11,,,,,
1-sweep,k8 tol0.10% depth0.6% tgt2x hold7d,4h,0.6487828035300944,1.2975656070601889,168,7,-46.774349758980215,14.285714285714285,-3.2742044831286177,-4.480442865484907,1,125.63918758530053,100.0,1.2563918758530024,0.0,0.0,2.5,FAIL,11,,,,,
1-sweep,k8 tol0.10% depth0.6% tgt3x hold3d,4h,0.6487828035300944,1.9463484105902833,72,7,-37.919515421995776,14.285714285714285,-2.654366079539705,-4.4804428654849495,1,-77.44622631798484,0.0,-0.7744622631798537,-1.655419107006167,0.0,5.5,FAIL,11,,,,,
1-sweep,k8 tol0.10% depth0.6% tgt3x hold7d,4h,0.6487828035300944,1.9463484105902833,168,7,-37.919515421995776,14.285714285714285,-2.654366079539705,-4.4804428654849495,1,-77.44622631798484,0.0,-0.7744622631798537,-1.655419107006167,0.0,5.5,FAIL,11,,,,,
1-sweep,k5 tol0.05% depth0.3% tgt2x hold3d,15m,0.25,0.5,72,220,-7.738568115720996,33.63636363636363,-17.024849854586186,-18.868001618425815,74,-12.119020037724187,28.37837837837838,-8.968074827915895,-9.79753306663302,0.75,2.008503401360544,FAIL,1155,7.970468694664741,-0.8706621497237252,,,
1-sweep,k5 tol0.05% depth0.3% tgt2x hold7d,15m,0.25,0.5,168,134,-11.241557633936226,29.1044776119403,-15.063687229474542,-16.55961350712427,43,-5.396420853260531,37.2093023255814,-2.320460966902027,-4.040484101726192,0.75,1.8516949152542372,FAIL,1155,8.07534374186218,-1.7462089114579167,,,
1-sweep,k5 tol0.05% depth0.3% tgt3x hold3d,15m,0.25,0.75,72,220,-6.8404971088259945,26.81818181818182,-15.049093639417189,-17.085969826306822,74,-12.25976120014255,21.62162162162162,-9.072223288105485,-10.08703239237143,0.75,2.58078231292517,FAIL,1155,8.553641737280921,0.34911217009633866,,,
1-sweep,k5 tol0.05% depth0.3% tgt3x hold7d,15m,0.25,0.75,168,134,-11.207507476220625,22.388059701492537,-15.018060018135637,-15.593487093371241,43,-3.6325553276075753,30.23255813953488,-1.5619987908712551,-4.682480948601999,0.75,2.4053672316384183,FAIL,1155,8.597690081333582,-0.7695747825121231,,,
1-sweep,k5 tol0.05% depth0.6% tgt2x hold3d,15m,0.25,0.5,72,230,-8.113381336052946,33.04347826086956,-18.660777072921775,-19.813842738494607,75,-15.334428524468967,24.0,-11.500821393351723,-12.307201931566418,0.5,1.8524590163934427,FAIL,1264,7.975444771599524,-1.9136039058671974,,,
1-sweep,k5 tol0.05% depth0.6% tgt2x hold7d,15m,0.25,0.5,168,136,-12.528083571901334,27.205882352941174,-17.038193657785815,-17.951224011709147,44,-13.193900474250851,27.27272727272727,-5.805316208670375,-7.182023147040664,0.75,1.8166666666666667,FAIL,1264,8.215919908179865,-4.474918906518017,,,
1-sweep,k5 tol0.05% depth0.6% tgt3x hold3d,15m,0.25,0.75,72,230,-7.077950400166794,26.521739130434785,-16.279285920383625,-17.402754536459895,75,-16.347646837943394,17.333333333333336,-12.260735128457545,-13.238335717582261,0.75,2.50327868852459,FAIL,1264,8.510723981961034,-0.8466599684786953,,,
1-sweep,k5 tol0.05% depth0.6% tgt3x hold7d,15m,0.25,0.75,168,136,-13.441470385272744,19.852941176470587,-18.28039972397093,-18.61818975725868,44,-13.668605313018071,20.454545454545457,-6.014186337727956,-7.824654914946924,0.75,2.359722222222222,FAIL,1264,8.70064123892047,-4.796351017578909,,,
1-sweep,k5 tol0.10% depth0.3% tgt2x hold3d,15m,0.25,0.5,72,278,-7.689047470064494,33.45323741007194,-21.375551966779295,-21.375551966779295,99,-6.795911489079916,35.35353535353536,-6.727952374189117,-8.002254666588845,0.75,1.856763925729443,FAIL,2185,7.754950672823185,0.30044023755304927,,,
1-sweep,k5 tol0.10% depth0.3% tgt2x hold7d,15m,0.25,0.5,168,155,-12.041895209359714,27.741935483870968,-18.664937574507555,-18.839854165267717,54,-8.446257251032774,33.33333333333333,-4.560978915557701,-6.603759331407269,0.5,1.4808612440191387,FAIL,2185,8.198999420178914,-2.91387928320159,,,
1-sweep,k5 tol0.10% depth0.3% tgt3x hold3d,15m,0.25,0.75,72,278,-8.098415796725515,25.179856115107913,-22.513595914896932,-23.025961091404938,99,-6.647560434460493,27.27272727272727,-6.581084830115891,-8.541275835073964,0.75,2.4177718832891246,FAIL,2185,8.415688224842741,0.6982662765634782,,,
1-sweep,k5 tol0.10% depth0.3% tgt3x hold7d,15m,0.25,0.75,168,155,-12.056634922793032,21.29032258064516,-18.6877841303292,-18.992126813715586,54,-6.2022182385513185,27.77777777777778,-3.3491978488177088,-6.96361406370097,0.75,2.0047846889952154,FAIL,2185,8.702541899637621,-1.841468616700615,,,
1-sweep,k5 tol0.10% depth0.6% tgt2x hold3d,15m,0.25,0.5,72,293,-9.326583281245611,30.716723549488055,-27.326889014049637,-27.670257803274872,105,-6.871541693195572,35.23809523809524,-7.215118777855345,-9.17022734932294,0.5,1.7399497487437185,FAIL,2410,7.64102946977599,-1.0378669603508914,,,
1-sweep,k5 tol0.10% depth0.6% tgt2x hold7d,15m,0.25,0.5,168,158,-11.942034478334428,27.848101265822784,-18.86841447576839,-19.42710965957377,55,-13.11676507528047,27.27272727272727,-7.214220791404258,-7.918942063866457,0.5,1.556338028169014,FAIL,2410,8.30503817083641,-3.9403304991977017,,,
1-sweep,k5 tol0.10% depth0.6% tgt3x hold3d,15m,0.25,0.75,72,293,-10.12954826484812,22.525597269624573,-29.679576416004995,-30.19984037432567,105,-6.301495086345243,27.61904761904762,-6.616569840662501,-10.163011256573757,0.75,2.2594221105527637,FAIL,2410,8.21312395624345,-0.9065107816127059,,,
1-sweep,k5 tol0.10% depth0.6% tgt3x hold7d,15m,0.25,0.75,168,158,-11.838394967653626,21.518987341772153,-18.704664048892727,-19.678387399405324,55,-12.24730510312878,21.818181818181817,-6.736017806720829,-7.970881756892019,0.5,2.078638497652582,FAIL,2410,8.839156871919101,-3.104825219918249,,,
1-sweep,k8 tol0.05% depth0.3% tgt2x hold3d,15m,0.25,0.5,72,148,-11.185466593197816,29.054054054054053,-16.554490557932766,-17.04035074451809,50,-12.617951713310795,28.000000000000004,-6.308975856655397,-7.592162338426871,0.5,1.8611111111111112,FAIL,707,8.244654653618296,-3.302550606274716,,,
1-sweep,k8 tol0.05% depth0.3% tgt2x hold7d,15m,0.25,0.5,168,102,-13.345315516298298,26.47058823529412,-13.61222182662426,-14.152690867552757,35,-3.195992864456067,40.0,-1.1185975025596262,-4.184406641639678,0.5,1.4927007299270072,FAIL,707,8.371541520326954,-2.3808813476904813,,,
1-sweep,k8 tol0.05% depth0.3% tgt3x hold3d,15m,0.25,0.75,72,148,-7.452512224134525,26.351351351351347,-11.029718091719099,-11.68160291889102,50,-18.02951064191351,16.0,-9.014755320956757,-10.298794022749414,0.75,2.4545454545454546,FAIL,707,8.796932846861157,-1.3265385736822033,,,
1-sweep,k8 tol0.05% depth0.3% tgt3x hold7d,15m,0.25,0.75,168,102,-11.247990366753102,22.54901960784314,-11.472950174088158,-12.342700241489075,35,-8.412759403447854,25.71428571428571,-2.944465791206752,-4.893549556661807,0.5,2.0675182481751824,FAIL,707,8.921498834510194,-1.6021624540262387,,,
1-sweep,k8 tol0.05% depth0.6% tgt2x hold3d,15m,0.25,0.5,72,161,-9.73855076200409,31.05590062111801,-15.679066726826585,-16.169761995100778,51,-16.007148522396808,23.52941176470588,-8.163645746422377,-9.004859944074216,0.5,1.7476415094339623,FAIL,787,8.314170252518277,-2.932392234863306,,,
1-sweep,k8 tol0.05% depth0.6% tgt2x hold7d,15m,0.25,0.5,168,105,-12.51476113841468,27.61904761904762,-13.140499195335419,-13.140499195335414,36,-10.73725823748368,30.555555555555557,-3.8654129654941194,-5.649181349076866,0.25,1.4095744680851063,FAIL,787,8.512576423102734,-3.5483541874146685,,,
1-sweep,k8 tol0.05% depth0.6% tgt3x hold3d,15m,0.25,0.75,72,161,-8.822989001614074,24.84472049689441,-14.205012292598662,-14.833631754449069,51,-20.208469614470946,13.725490196078432,-10.306319503380179,-11.572130871697707,0.75,2.331367924528302,FAIL,787,8.821315457027495,-2.740633503339882,,,
1-sweep,k8 tol0.05% depth0.6% tgt3x hold7d,15m,0.25,0.75,168,105,-11.847548150598543,21.904761904761905,-12.439925558128472,-12.43992555812847,36,-14.823383818164277,19.444444444444446,-5.336418174539137,-6.6723677907982255,0.5,1.9858156028368794,FAIL,787,9.00411478739773,-3.603221193217596,,,
1-sweep,k8 tol0.10% depth0.3% tgt2x hold3d,15m,0.25,0.5,72,217,-8.659758449082961,32.25806451612903,-18.791675834510023,-18.791675834510023,83,-9.867174002702304,31.32530120481928,-8.189754422242912,-8.701981004343013,0.5,1.665,FAIL,1328,8.061867498692813,-0.9319425868915,,,
1-sweep,k8 tol0.10% depth0.3% tgt2x hold7d,15m,0.25,0.5,168,128,-6.373242584376968,35.9375,-8.157750508002515,-8.412484743295332,47,-11.33489739665055,29.78723404255319,-5.327401776425756,-6.385903470934777,0.5,1.44,FAIL,1328,8.430060055798851,0.7242587504112636,,,
1-sweep,k8 tol0.10% depth0.3% tgt3x hold3d,15m,0.25,0.75,72,217,-7.707268593379537,25.806451612903224,-16.724772847633595,-18.14790611988429,83,-15.534637435439896,18.072289156626507,-12.893749071415117,-13.513586254128008,0.75,2.5258333333333334,FAIL,1328,8.72959033165167,-1.1432503080312326,,,
1-sweep,k8 tol0.10% depth0.3% tgt3x hold7d,15m,0.25,0.75,168,128,-4.288659339247175,29.6875,-5.489483954236385,-9.092951683555837,47,-15.060724353899166,19.148936170212767,-7.078540446332604,-8.962378416990209,0.5,2.0042857142857144,FAIL,1328,9.105763444548337,1.9240352156517702,,,
1-sweep,k8 tol0.10% depth0.6% tgt2x hold3d,15m,0.25,0.5,72,232,-7.990618101881942,33.189655172413794,-18.538233996366106,-18.538233996366106,85,-10.405782545629721,30.58823529411765,-8.844915163785261,-9.264652719175414,0.5,1.522870662460568,FAIL,1488,8.140831633612038,-0.49738576706662846,,,
1-sweep,k8 tol0.10% depth0.6% tgt2x hold7d,15m,0.25,0.5,168,135,-6.0981041441989,36.2962962962963,-8.23244059466851,-10.48378826061251,48,-11.809062017245386,29.166666666666668,-5.66834976827778,-6.723039440787973,0.25,1.3934426229508197,FAIL,1488,8.489754038491865,0.8936937308709362,,,
1-sweep,k8 tol0.10% depth0.6% tgt3x hold3d,15m,0.25,0.75,72,232,-7.6196489601052075,25.862068965517242,-17.677585587444078,-18.92052799515673,85,-13.713627482786979,20.0,-11.656583360368932,-12.285224059485174,0.75,2.30205047318612,FAIL,1488,8.71854068474126,-0.535140371351174,,,
1-sweep,k8 tol0.10% depth0.6% tgt3x hold7d,15m,0.25,0.75,168,135,-6.523889554059187,27.40740740740741,-8.807250897979902,-11.700750262166709,48,-15.444129159525952,18.75,-7.41318199657246,-9.290235630630853,0.5,1.9631147540983607,FAIL,1488,9.099618772719394,0.23599424017712067,,,
2-bos,k5 cont eqfilt=False tgt2x hold5d,1h,3.056377816485057,6.112755632970114,120,209,-24.192869946490728,34.44976076555024,-50.563098188165625,-68.87270747948013,73,-13.29699371025529,41.0958904109589,-9.706805408486364,-34.18898646698023,34.0,48.43262411347518,FAIL,1190,,,,,
2-bos,k5 cont eqfilt=False tgt2x hold15d,1h,3.056377816485057,6.112755632970114,360,84,-51.85562160791739,29.761904761904763,-43.55872215065061,-56.48500625076922,29,-111.2139622715245,20.689655172413794,-32.2520490587421,-35.23819104803187,28.0,59.68141592920354,FAIL,1190,,,,,
2-bos,k5 cont eqfilt=False tgt3x hold5d,1h,3.056377816485057,9.16913344945517,120,209,-19.581827608614347,32.057416267942585,-40.92601970200399,-57.39630516029271,73,-33.82871493682329,36.986301369863014,-24.69496190388101,-37.95932381822203,46.5,57.13120567375886,FAIL,1190,,,,,
2-bos,k5 cont eqfilt=False tgt3x hold15d,1h,3.056377816485057,9.16913344945517,360,84,-67.85372636452138,21.428571428571427,-56.99713014619795,-63.14140977759555,29,-99.32184840701063,17.24137931034483,-28.803336038033088,-35.70216521383555,34.0,71.4424778761062,FAIL,1190,,,,,
2-bos,k5 choch eqfilt=False tgt2x hold5d,1h,2.7271034170827533,5.454206834165507,120,223,-17.89480322725418,35.874439461883405,-39.90541119677682,-52.11926662571555,74,16.73351907369773,37.83783783783784,12.382804114536317,-34.492206664147105,33.0,47.7003367003367,FAIL,1366,,,,,
2-bos,k5 choch eqfilt=False tgt2x hold15d,1h,2.7271034170827533,5.454206834165507,360,85,-37.647237588588446,29.411764705882355,-32.00015195030018,-39.433197301665174,29,-3.6339071593902816,34.48275862068966,-1.0538330762231762,-17.486116134668553,27.0,51.280701754385966,FAIL,1366,,,,,
2-bos,k5 choch eqfilt=False tgt3x hold5d,1h,2.7271034170827533,8.18131025124826,120,223,-21.33535980651421,30.94170403587444,-47.577852368526685,-60.07690728448624,74,46.21571320835077,36.486486486486484,34.199627774179575,-36.51718779243991,40.0,55.12457912457913,FAIL,1366,,,,,
2-bos,k5 choch eqfilt=False tgt3x hold15d,1h,2.7271034170827533,8.18131025124826,360,85,-27.277557906464214,24.705882352941178,-23.18592422049458,-46.35103440927341,29,10.70714977478245,27.586206896551722,3.1050734346869113,-13.84205248589572,31.5,67.49122807017544,FAIL,1366,,,,,
2-bos,k8 cont eqfilt=False tgt2x hold5d,1h,3.848376842308063,7.696753684616126,120,189,-15.661976664959223,37.03703703703704,-29.601135896772934,-46.6179585197565,63,60.41651734940336,49.2063492063492,38.06240593012411,-26.0067542192705,56.5,62.333333333333336,FAIL,952,,,,,
2-bos,k8 cont eqfilt=False tgt2x hold15d,1h,3.848376842308063,7.696753684616126,360,80,-69.30204539944467,27.500000000000004,-55.44163631955574,-58.86424494349279,27,1.0955176916740366,37.03703703703704,0.2957897767519979,-24.066284115939375,46.0,86.0,FAIL,952,,,,,
2-bos,k8 cont eqfilt=False tgt3x hold5d,1h,3.848376842308063,11.545130526924188,120,189,2.1465038175408475,34.39153439153439,4.056892215152197,-45.43960063525958,63,7.686561890109419,47.61904761904761,4.842533990768927,-24.99604119358601,70.5,70.30952380952381,SURVIVOR,952,,,,,
2-bos,k8 cont eqfilt=False tgt3x hold15d,1h,3.848376842308063,11.545130526924188,360,80,-60.91880852233444,23.75,-48.735046817867556,-56.34948738546878,27,-108.11266081365441,22.22222222222222,-29.190418419686694,-35.068800222916714,68.0,108.17757009345794,FAIL,952,,,,,
2-bos,k8 choch eqfilt=False tgt2x hold5d,1h,3.5760385794979297,7.152077158995859,120,198,-14.350463957516466,38.38383838383838,-28.413918635882595,-69.96873758809372,64,9.694238584382589,42.1875,6.204312694004854,-30.484645515033332,53.0,63.16412213740458,FAIL,1025,,,,,
2-bos,k8 choch eqfilt=False tgt2x hold15d,1h,3.5760385794979297,7.152077158995859,360,83,-4.016742077673754,37.34939759036144,-3.3338959244692212,-39.92547009271518,27,-17.979149476264595,33.33333333333333,-4.854370358591442,-21.541986207578603,44.5,87.85454545454546,FAIL,1025,,,,,
2-bos,k8 choch eqfilt=False tgt3x hold5d,1h,3.5760385794979297,10.72811573849379,120,198,1.8271401098102182,36.36363636363637,3.6177374174242383,-64.80985053805483,64,40.65193202369102,42.1875,26.017236495162255,-30.484645515033215,67.5,70.0381679389313,SURVIVOR,1025,,,,,
2-bos,k8 choch eqfilt=False tgt3x hold15d,1h,3.5760385794979297,10.72811573849379,360,83,-26.36902641357963,30.120481927710845,-21.886291923271095,-40.756509795257024,27,13.228840147668961,29.629629629629626,3.5717868398706276,-20.33779683961568,61.0,113.25454545454545,FAIL,1025,,,,,
2-bos,k5 cont eqfilt=False tgt2x hold5d,4h,5.913442673046944,11.826885346093889,120,135,71.99920157323113,45.18518518518518,97.19892212386203,-50.13371934914696,42,-107.98466094677666,40.476190476190474,-45.3535575976462,-52.917408800046694,120.0,87.34463276836158,FAIL,315,,,,,
2-bos,k5 cont eqfilt=False tgt2x hold15d,4h,5.913442673046944,11.826885346093889,360,66,-18.443921329150204,36.36363636363637,-12.172988077239133,-50.86998012575803,23,-115.65150661727911,34.78260869565217,-26.59984652197419,-41.178871515455725,108.0,160.22471910112358,FAIL,315,,,,,
2-bos,k5 cont eqfilt=False tgt3x hold5d,4h,5.913442673046944,17.740328019140833,120,135,160.93245233710692,45.18518518518518,217.25881065509435,-47.493052011196504,42,-105.86436882737479,40.476190476190474,-44.46303490749741,-52.91740880004647,120.0,93.08474576271186,FAIL,315,,,,,
2-bos,k5 cont eqfilt=False tgt3x hold15d,4h,5.913442673046944,17.740328019140833,360,66,88.91345755650984,36.36363636363637,58.6828819872965,-49.52877059126149,23,-71.91720946341893,34.78260869565217,-16.54095817658635,-41.17887151545547,144.0,186.8314606741573,FAIL,315,,,,,
2-bos,k5 choch eqfilt=False tgt2x hold5d,4h,5.637348386604623,11.274696773209246,120,128,-47.372717799012804,39.84375,-60.63707878273639,-66.9473288812383,48,262.39931521987927,66.66666666666666,125.95167130554205,-14.24248034556857,120.0,90.81818181818181,FAIL,329,,,,,
2-bos,k5 choch eqfilt=False tgt2x hold15d,4h,5.637348386604623,11.274696773209246,360,65,-108.02958263503331,24.615384615384617,-70.21922871277164,-73.51538245687995,24,-163.62987405542606,25.0,-39.27116977330225,-47.57078074510222,104.0,154.74157303370785,FAIL,329,,,,,
2-bos,k5 choch eqfilt=False tgt3x hold5d,4h,5.637348386604623,16.91204515981387,120,128,-52.095766396714396,39.0625,-66.68258098779442,-73.49020308752962,48,311.2635554238256,66.66666666666666,149.4065066034363,-14.242480345568545,120.0,94.56818181818181,FAIL,329,,,,,
2-bos,k5 choch eqfilt=False tgt3x hold15d,4h,5.637348386604623,16.91204515981387,360,65,-102.13585360006462,23.076923076923077,-66.388304840042,-74.43761703552482,24,-161.59263593032162,25.0,-38.78223262327719,-45.863286072189105,120.0,167.2808988764045,FAIL,329,,,,,
2-bos,k8 cont eqfilt=False tgt2x hold5d,4h,6.0,12.0,120,98,38.71747500912513,45.91836734693878,37.94312550894263,-31.65443376495485,33,-84.4354844384327,42.42424242424242,-27.863709864682782,-34.0016635125885,108.0,85.95419847328245,FAIL,210,,,,,
2-bos,k8 cont eqfilt=False tgt2x hold15d,4h,6.0,12.0,360,55,-35.069069289697985,40.0,-19.287988109333888,-55.60432199009705,18,-182.24171301499084,33.33333333333333,-32.80350834269835,-38.8441639555373,108.0,164.0,FAIL,210,,,,,
2-bos,k8 cont eqfilt=False tgt3x hold5d,4h,6.0,18.0,120,98,118.03732185119956,45.91836734693878,115.67657541417557,-28.002308549640187,33,-81.21701570396738,42.42424242424242,-26.801615182309234,-34.0016635125884,120.0,91.93893129770993,FAIL,210,,,,,
2-bos,k8 cont eqfilt=False tgt3x hold15d,4h,6.0,18.0,360,55,19.928996764703864,38.18181818181819,10.960948220587131,-56.67058328591865,18,-141.43499096841288,33.33333333333333,-25.458298374314314,-35.56919169517598,144.0,188.32876712328766,FAIL,210,,,,,
2-bos,k8 choch eqfilt=False tgt2x hold5d,4h,6.0,12.0,120,112,-41.65729867140836,40.17857142857143,-46.65617451197737,-67.89307194673515,36,149.38157581299123,50.0,53.777367292676836,-20.13060461642545,120.0,95.75675675675676,FAIL,268,,,,,
2-bos,k8 choch eqfilt=False tgt2x hold15d,4h,6.0,12.0,360,64,-27.70603363069145,35.9375,-17.731861523642532,-54.58758307842153,20,-114.17350765241864,30.0,-22.834701530483727,-46.95208428932464,160.0,192.61904761904762,FAIL,268,,,,,
2-bos,k8 choch eqfilt=False tgt3x hold5d,4h,6.0,18.0,120,112,-34.81380815940611,40.17857142857143,-38.99146513853484,-62.23262452144156,36,165.0038924922831,50.0,59.40140129722191,-20.130604616425444,120.0,98.70270270270271,FAIL,268,,,,,
2-bos,k8 choch eqfilt=False tgt3x hold15d,4h,6.0,18.0,360,64,-7.474040684532838,34.375,-4.783386038101012,-57.2416214079192,20,-63.03797591394241,30.0,-12.607595182788478,-46.8537169922983,234.0,215.1904761904762,FAIL,268,,,,,
3-fvg,fill0.5 expire7d tgt2x,1h,0.25379649335858123,0.5075929867171625,168,189,-10.935706400138885,29.100529100529098,-20.66848509626249,-21.1178873520867,64,-18.37364641551298,20.3125,-11.759133705928305,-12.347397610078795,0.0,1.0316205533596838,FAIL,4905,,,,,
3-fvg,fill0.5 expire7d tgt3x,1h,0.25379649335858123,0.7613894800757437,168,189,-12.772536831168658,20.105820105820104,-24.14009461090877,-24.94941246532352,64,-13.76940322520926,20.3125,-8.812418064133931,-10.103196176708302,0.0,1.6561264822134387,FAIL,4905,,,,,
3-fvg,fill1.0 expire7d tgt2x,1h,0.25,0.5,168,189,-13.575185134922375,24.867724867724867,-25.65709990500329,-25.65709990500329,64,-1.4567806207800231,42.1875,-0.9323395972992143,-5.036560894004534,0.0,0.9960474308300395,FAIL,4507,,,,,
3-fvg,fill1.0 expire7d tgt3x,1h,0.25,0.75,168,189,-13.169702951934495,19.576719576719576,-24.890738579156192,-24.890738579156196,64,0.7480876409625523,34.375,0.4787760902160265,-5.030535695864324,0.0,1.4782608695652173,FAIL,4507,,,,,
3-fvg,fill0.5 expire14d tgt2x,1h,0.25379649335858123,0.5075929867171625,336,97,-14.755197164903535,24.742268041237114,-14.312541249956434,-14.312541249956428,33,-15.935647695609077,24.242424242424242,-5.258763739550998,-5.355061786455635,0.0,0.9538461538461539,FAIL,4905,,,,,
3-fvg,fill0.5 expire14d tgt3x,1h,0.25379649335858123,0.7613894800757437,336,97,-16.123693124613993,17.525773195876287,-15.639982330875569,-15.639982330875574,33,-10.184876631752559,24.242424242424242,-3.361009288478345,-3.9703703865675366,0.0,1.353846153846154,FAIL,4905,,,,,
3-fvg,fill1.0 expire14d tgt2x,1h,0.25,0.5,336,97,-11.696227272202037,28.865979381443296,-11.345340454035979,-11.80199855798242,33,-18.142495264787584,21.21212121212121,-5.987023437379902,-6.844662401563994,0.0,1.1692307692307693,FAIL,4507,,,,,
3-fvg,fill1.0 expire14d tgt3x,1h,0.25,0.75,336,97,-13.104317554477056,20.618556701030926,-12.711188027842745,-12.711188027842745,33,-16.216543108668315,18.181818181818183,-5.351459225860545,-6.679848552400978,0.0,1.6307692307692307,FAIL,4507,,,,,
3-fvg,fill0.5 expire7d tgt2x,4h,0.6926310907679434,1.3852621815358868,168,162,-14.021297848282678,30.246913580246915,-22.714502514217937,-24.55477304903682,55,-10.228697217732934,32.72727272727273,-5.6257834697531095,-8.84534591558997,0.0,4.202764976958525,FAIL,1145,,,,,
3-fvg,fill0.5 expire7d tgt3x,4h,0.6926310907679434,2.07789327230383,168,162,-12.876198534025779,23.456790123456788,-20.859441625121768,-26.164308214158527,55,-8.60011960261254,25.454545454545453,-4.730065781436899,-8.13029955510002,0.0,6.341013824884793,FAIL,1145,,,,,
3-fvg,fill1.0 expire7d tgt2x,4h,0.5604401254563217,1.1208802509126434,168,163,-12.290019342120159,30.67484662576687,-20.032731527655855,-23.390992774875937,54,-2.655014005823028,37.03703703703704,-1.4337075631444374,-8.768666470556658,0.0,3.2442396313364057,FAIL,1027,,,,,
3-fvg,fill1.0 expire7d tgt3x,4h,0.5604401254563217,1.6813203763689653,168,163,-14.59583217853732,22.085889570552148,-23.791206451015835,-26.039338978693667,54,0.7990692910945856,29.629629629629626,0.4314974171910846,-9.108498141460258,0.0,5.216589861751152,FAIL,1027,,,,,
3-fvg,fill0.5 expire14d tgt2x,4h,0.6926310907679434,1.3852621815358868,336,90,-14.976264244950046,30.0,-13.478637820455042,-16.61523644833017,31,-24.86411695434676,25.806451612903224,-7.70787625584749,-9.41463899166206,0.0,4.793388429752066,FAIL,1145,,,,,
3-fvg,fill0.5 expire14d tgt3x,4h,0.6926310907679434,2.07789327230383,336,90,-4.79758951990142,26.666666666666668,-4.317830567911274,-13.156249351905613,31,-33.69264941144473,16.129032258064516,-10.444721317547867,-13.328353533574012,0.0,6.710743801652892,FAIL,1145,,,,,
3-fvg,fill1.0 expire14d tgt2x,4h,0.5604401254563217,1.1208802509126434,336,89,-32.10675848366679,16.853932584269664,-28.57501505046345,-30.608044556812313,31,-10.885896791477153,32.25806451612903,-3.374628005357916,-6.174079628419793,0.0,2.5,FAIL,1027,,,,,
3-fvg,fill1.0 expire14d tgt3x,4h,0.5604401254563217,1.6813203763689653,336,89,-31.020318274729057,13.48314606741573,-27.608083264508863,-31.55738179000221,31,-15.073219184604598,22.58064516129032,-4.672697947227422,-9.489882797841217,0.0,4.2,FAIL,1027,,,,,
3-fvg,fill0.5 expire7d tgt2x,15m,0.25,0.5,168,197,-7.928336052358322,33.50253807106599,-15.618822023145896,-15.618822023145896,66,-8.532464580800314,33.33333333333333,-5.631426623328206,-5.631426623328207,0.5,1.456273764258555,FAIL,23575,8.161302140718245,0.08135968958740847,,,
3-fvg,fill0.5 expire7d tgt3x,15m,0.25,0.75,168,197,-6.357410362648631,27.411167512690355,-12.524098414417805,-12.635878937638633,66,-5.287543124429001,28.78787878787879,-3.4897784621231387,-5.819832761906546,0.75,1.908745247148289,FAIL,23575,8.673677488175018,2.5847509191480436,,,
3-fvg,fill1.0 expire7d tgt2x,15m,0.25,0.5,168,197,-7.917127072124731,33.50253807106599,-15.596740332085723,-15.983822590670007,66,-6.099377903516142,36.36363636363637,-4.025589416320652,-7.150639432852499,0.5,1.5190114068441065,FAIL,21562,8.085759540988654,0.624797659465318,,,
3-fvg,fill1.0 expire7d tgt3x,15m,0.25,0.75,168,197,-10.422585924956467,22.84263959390863,-20.532494272164236,-21.095779091073826,66,-5.204720562790995,28.78787878787879,-3.43511557144206,-5.433704307998937,0.5,2.0750950570342206,FAIL,21562,8.589620186405384,-0.5235394499468207,,,
3-fvg,fill0.5 expire14d tgt2x,15m,0.25,0.5,336,99,-9.153935205614225,32.323232323232325,-9.06239585355808,-10.725764167268553,34,-4.646808688584743,38.23529411764706,-1.5799149541188107,-2.652244229356281,0.5,1.236842105263158,FAIL,23575,8.29062987531026,0.2888924259291361,,,
3-fvg,fill0.5 expire14d tgt3x,15m,0.25,0.75,336,99,-10.659181283706472,23.232323232323232,-10.55258947086941,-11.803279253061882,34,-1.444188887286734,32.35294117647059,-0.49102422167749404,-2.8696746640303465,0.75,1.5657894736842106,FAIL,23575,8.852066905769153,0.5485979640045695,,,
3-fvg,fill1.0 expire14d tgt2x,15m,0.25,0.5,336,99,-7.616304207122581,34.34343434343434,-7.540141165051351,-8.301096082086103,34,-2.2900818089171535,41.17647058823529,-0.7786278150318293,-2.323782095228162,0.5,1.169172932330827,FAIL,21562,8.19542945545712,1.9407159365975808,,,
3-fvg,fill1.0 expire14d tgt3x,15m,0.25,0.75,336,99,-6.701930440606326,27.27272727272727,-6.634911136200261,-7.566848319262521,34,-1.5117376330193593,32.35294117647059,-0.5139907952265821,-2.0110288812101738,0.5,1.5093984962406015,FAIL,21562,8.741014420056526,3.365900185901004,,,
4-fib,k5 zone0.618-0.705 eqfilt=False tgt=2xstop,1h,0.603082482411243,1.206164964822486,480,60,-22.894498577863214,25.0,-13.736699146717923,-16.10366489236711,22,5.18141058432651,40.909090909090914,1.1399103285518297,-3.602803957465429,2.0,4.182926829268292,FAIL,842,,,,,
4-fib,k5 zone0.618-0.705 eqfilt=False tgt=3xstop,1h,0.603082482411243,1.8092474472337288,480,60,-24.209592568532237,18.333333333333332,-14.525755541119345,-18.346382696635978,22,-4.2220228831034055,27.27272727272727,-0.9288450342827437,-6.456454625935266,2.5,5.926829268292683,FAIL,842,,,,,
4-fib,k5 zone0.618-0.705 eqfilt=False tgt=ext1.272,1h,0.603082482411243,2.3530693069306894,480,60,-28.671015730321656,13.333333333333334,-17.202609438192994,-20.488497410898418,22,-3.436130414900204,22.727272727272727,-0.7559486912780411,-5.397504754079842,3.0,6.951219512195122,FAIL,842,,,,,
4-fib,k5 zone0.618-0.705 eqfilt=True tgt=2xstop,1h,0.5928975701093695,1.185795140218739,480,60,-25.282070398055385,23.333333333333332,-15.169242238833236,-17.455510834991543,22,4.788616187901343,40.909090909090914,1.0534955613382913,-3.5629059041156914,2.0,4.146341463414634,FAIL,794,,,,,
4-fib,k5 zone0.618-0.705 eqfilt=True tgt=3xstop,1h,0.5928975701093695,1.7786927103281085,480,60,-27.37580099332087,16.666666666666664,-16.425480595992525,-20.097430408114665,22,-4.4636047067952775,27.27272727272727,-0.9819930354949657,-6.422381709453395,2.0,5.878048780487805,FAIL,794,,,,,
4-fib,k5 zone0.618-0.705 eqfilt=True tgt=ext1.272,1h,0.5928975701093695,2.3075670675300675,480,60,-32.43053593459031,11.666666666666666,-19.45832156075419,-22.620273962628985,22,-3.8223592384238145,22.727272727272727,-0.8409190324532356,-5.32959127782675,2.5,6.890243902439025,FAIL,794,,,,,
4-fib,k5 zone0.705-0.79 eqfilt=False tgt=2xstop,1h,0.38825807126786005,0.7765161425357201,480,55,-23.558918662455405,20.0,-12.957405264350474,-14.164031524376275,21,-8.820759775563213,33.33333333333333,-1.8523595528682768,-5.387073603010028,0.0,1.5789473684210527,FAIL,567,,,,,
4-fib,k5 zone0.705-0.79 eqfilt=False tgt=3xstop,1h,0.38825807126786005,1.1647742138035801,480,55,-19.372008666685428,18.181818181818183,-10.65460476667699,-13.172098624251854,21,-3.8008803507992917,28.57142857142857,-0.798184873667851,-5.1419441918334075,0.0,2.0,FAIL,567,,,,,
4-fib,k5 zone0.705-0.79 eqfilt=False tgt=ext1.272,1h,0.38825807126786005,2.528478471549221,480,55,-16.91732273028164,10.909090909090908,-9.304527501654903,-13.111573919333857,21,6.312569048389681,19.047619047619047,1.3256395001618237,-4.168243819200802,0.0,3.986842105263158,FAIL,567,,,,,
4-fib,k5 zone0.705-0.79 eqfilt=True tgt=2xstop,1h,0.36941935483871347,0.7388387096774269,480,55,-22.9033732150764,20.0,-12.596855268292018,-13.350177502759783,21,-8.811505469969797,33.33333333333333,-1.8504161486936566,-5.206886635994302,0.0,1.4473684210526316,FAIL,553,,,,,
4-fib,k5 zone0.705-0.79 eqfilt=True tgt=3xstop,1h,0.36941935483871347,1.1082580645161404,480,55,-18.90565185551105,18.181818181818183,-10.39810852053108,-12.737980953676997,21,-4.043788630957005,28.57142857142857,-0.8491956125009748,-4.978459160435652,0.0,1.855263157894737,FAIL,553,,,,,
4-fib,k5 zone0.705-0.79 eqfilt=True tgt=ext1.272,1h,0.36941935483871347,2.4915682129533097,480,55,-20.52158185582117,9.090909090909092,-11.286870020701645,-13.81677220370096,21,7.171236341959316,19.047619047619047,1.5059596318114599,-3.9500180231953936,0.0,3.6578947368421053,FAIL,553,,,,,
4-fib,k8 zone0.618-0.705 eqfilt=False tgt=2xstop,1h,0.782491302767541,1.564982605535082,480,58,-28.50177612790676,24.137931034482758,-16.53103015418592,-17.488862768691828,20,-5.126716779719482,35.0,-1.0253433559438974,-7.427293106474496,2.0,6.8076923076923075,FAIL,817,,,,,
4-fib,k8 zone0.618-0.705 eqfilt=False tgt=3xstop,1h,0.782491302767541,2.347473908302623,480,58,-21.7971526017752,20.689655172413794,-12.642348509029622,-13.644804965354126,20,22.505676681077055,35.0,4.501135336215412,-5.997265084578685,3.5,9.205128205128204,FAIL,817,,,,,
4-fib,k8 zone0.618-0.705 eqfilt=False tgt=ext1.272,1h,0.782491302767541,3.0258725243068105,480,58,-32.60113812536366,13.793103448275861,-18.90866011271092,-20.20383548733669,20,26.732122406502913,30.0,5.346424481300582,-5.574967251095873,4.5,10.782051282051283,FAIL,817,,,,,
4-fib,k8 zone0.618-0.705 eqfilt=True tgt=2xstop,1h,0.7820731147557021,1.5641462295114041,480,58,-28.49165723546973,24.137931034482758,-16.525161196572448,-17.48306115920815,20,-5.128103595531229,35.0,-1.025620719106246,-7.424130273157188,2.0,6.8076923076923075,FAIL,774,,,,,
4-fib,k8 zone0.618-0.705 eqfilt=True tgt=3xstop,1h,0.7820731147557021,2.346219344267106,480,58,-21.79008513543205,20.689655172413794,-12.638249378550592,-13.64075287368331,20,22.489496609168874,35.0,4.497899321833776,-5.994810031541188,3.5,9.205128205128204,FAIL,774,,,,,
4-fib,k8 zone0.618-0.705 eqfilt=True tgt=ext1.272,1h,0.7820731147557021,3.0180258985368087,480,58,-32.65685484096714,13.793103448275861,-18.94097580776094,-20.230567274712104,20,26.5290511620733,30.0,5.305810232414654,-5.572576554796161,4.5,10.76923076923077,FAIL,774,,,,,
4-fib,k8 zone0.705-0.79 eqfilt=False tgt=2xstop,1h,0.5366181908810057,1.0732363817620114,480,57,-16.84840387639965,28.07017543859649,-9.603590209547797,-11.73961070736912,20,-5.938361349457409,35.0,-1.1876722698914821,-3.9605534674978173,1.0,3.7662337662337664,FAIL,563,,,,,
4-fib,k8 zone0.705-0.79 eqfilt=False tgt=3xstop,1h,0.5366181908810057,1.6098545726430171,480,57,-17.462784634026768,21.052631578947366,-9.953787241395261,-13.003420501149648,20,2.048810710271937,30.0,0.4097621420543929,-4.988903734989685,2.0,5.025974025974026,FAIL,563,,,,,
4-fib,k8 zone0.705-0.79 eqfilt=False tgt=ext1.272,1h,0.5366181908810057,3.7281471974192977,480,57,-25.70409672508906,8.771929824561402,-14.651335133300758,-17.66523411669212,20,0.1496276867074812,15.0,0.029925537341490838,-8.131743718243692,3.0,8.077922077922079,FAIL,563,,,,,
4-fib,k8 zone0.705-0.79 eqfilt=True tgt=2xstop,1h,0.5359351972374886,1.0718703944749772,480,57,-16.853998644291398,28.07017543859649,-9.606779227246099,-11.740337121682805,20,-5.940967020194966,35.0,-1.1881934040389952,-3.9571868679365414,1.0,3.6623376623376624,FAIL,554,,,,,
4-fib,k8 zone0.705-0.79 eqfilt=True tgt=3xstop,1h,0.5359351972374886,1.6078055917124658,480,57,-17.46808549477279,21.052631578947366,-9.956808732020495,-13.002828576546655,20,2.0363644864096386,30.0,0.4072728972819295,-4.984985518369148,2.0,4.922077922077922,FAIL,554,,,,,
4-fib,k8 zone0.705-0.79 eqfilt=True tgt=ext1.272,1h,0.5359351972374886,3.7269449478681342,480,57,-25.67435098667231,8.771929824561402,-14.634380062403219,-17.647921646330197,20,0.1906803466380552,15.0,0.038136069327610045,-8.126059967805599,3.0,7.974025974025974,FAIL,554,,,,,
4-fib,k5 zone0.618-0.705 eqfilt=False tgt=2xstop,4h,1.1667191149425695,2.333438229885139,480,39,-27.952735103959593,28.205128205128204,-10.90156669054424,-13.358689098104518,15,-9.829611444073574,33.33333333333333,-1.4744417166110413,-7.929630056709229,4.0,11.407407407407407,FAIL,190,,,,,
4-fib,k5 zone0.618-0.705 eqfilt=False tgt=3xstop,4h,1.1667191149425695,3.5001573448277084,480,39,-20.437289874339676,23.076923076923077,-7.9705430509924735,-13.637956115567684,15,-34.801751448824504,20.0,-5.220262717323676,-8.639863795807075,4.0,18.37037037037037,FAIL,190,,,,,
4-fib,k5 zone0.618-0.705 eqfilt=False tgt=ext1.272,4h,1.1667191149425695,4.620152171171549,480,39,-24.491304785090577,17.94871794871795,-9.551608866185324,-14.316946847339073,15,-50.75470127892064,13.333333333333334,-7.613205191838102,-10.9832871990006,4.0,24.962962962962962,FAIL,190,,,,,
4-fib,k5 zone0.618-0.705 eqfilt=True tgt=2xstop,4h,1.1667191149425695,2.333438229885139,480,39,-35.90015499925334,25.64102564102564,-14.001060449708802,-16.372706207626056,15,-9.829611444073574,33.33333333333333,-1.4744417166110413,-7.929630056709229,4.0,10.962962962962964,FAIL,186,,,,,
4-fib,k5 zone0.618-0.705 eqfilt=True tgt=3xstop,4h,1.1667191149425695,3.5001573448277084,480,39,-20.315224189297368,23.076923076923077,-7.922937433825972,-13.593282175992528,15,-34.801751448824504,20.0,-5.220262717323676,-8.639863795807075,4.0,16.814814814814813,FAIL,186,,,,,
4-fib,k5 zone0.618-0.705 eqfilt=True tgt=ext1.272,4h,1.1667191149425695,4.620152171171549,480,39,-24.37133618817876,17.94871794871795,-9.504821113389717,-14.272624140661488,15,-50.75470127892064,13.333333333333334,-7.613205191838102,-10.9832871990006,4.0,23.40740740740741,FAIL,186,,,,,
4-fib,k5 zone0.705-0.79 eqfilt=False tgt=2xstop,4h,0.7686483639475936,1.5372967278951872,480,38,-18.978111321858705,28.947368421052634,-7.21168230230631,-10.779238425518695,15,-39.66972679219507,20.0,-5.950459018829257,-6.087572938617547,0.0,6.113207547169812,FAIL,134,,,,,
4-fib,k5 zone0.705-0.79 eqfilt=False tgt=3xstop,4h,0.7686483639475936,2.305945091842781,480,38,-20.99181481833033,21.052631578947366,-7.976889630965522,-12.366781128302181,15,-25.270731535046433,20.0,-3.7906097302569663,-5.2826924795341865,4.0,9.20754716981132,FAIL,134,,,,,
4-fib,k5 zone0.705-0.79 eqfilt=False tgt=ext1.272,4h,0.7686483639475936,4.927880667057738,480,38,1.5275710270062088,15.789473684210526,0.5804769902623574,-8.930328089714871,15,-48.40088537762252,6.666666666666667,-7.260132806643382,-10.422800287950261,4.0,18.11320754716981,FAIL,134,,,,,
4-fib,k5 zone0.705-0.79 eqfilt=True tgt=2xstop,4h,0.7706181934723879,1.5412363869447758,480,37,-17.151957712282808,29.72972972972973,-6.346224353544638,-9.957372845772294,15,-39.746224016329144,20.0,-5.961933602449376,-6.098940650936399,0.0,5.384615384615385,FAIL,133,,,,,
4-fib,k5 zone0.705-0.79 eqfilt=True tgt=3xstop,4h,0.7706181934723879,2.3118545804171635,480,37,-19.245445037920206,21.62162162162162,-7.120814664030473,-11.904043492791526,15,-25.312484559254397,20.0,-3.796872683888164,-5.292098841639612,4.0,8.538461538461538,FAIL,133,,,,,
4-fib,k5 zone0.705-0.79 eqfilt=True tgt=ext1.272,4h,0.7706181934723879,5.17814055115673,480,37,7.8976067514031945,16.216216216216218,2.9221144980191793,-8.946618391089798,15,-47.09841051015986,6.666666666666667,-7.064761576523981,-10.44415970406083,4.0,17.692307692307693,FAIL,133,,,,,
4-fib,k8 zone0.618-0.705 eqfilt=False tgt=2xstop,4h,1.627110474040056,3.254220948080112,480,38,-32.5435833588421,28.947368421052634,-12.36656167636,-21.19897575924805,12,31.094217948633588,41.66666666666667,3.7313061538360337,-6.685370618110685,16.0,24.16,FAIL,178,,,,,
4-fib,k8 zone0.618-0.705 eqfilt=False tgt=3xstop,4h,1.627110474040056,4.881331422120168,480,38,-6.736723662865044,26.31578947368421,-2.5599549918887132,-18.60188487708149,12,-8.492432247839892,25.0,-1.0190918697407847,-10.341414189283359,20.0,35.2,FAIL,178,,,,,
4-fib,k8 zone0.618-0.705 eqfilt=False tgt=ext1.272,4h,1.627110474040056,6.482026354763989,480,38,-47.063002839621824,15.789473684210526,-17.8839410790563,-29.11334347577588,12,29.56225868248642,25.0,3.5474710418983646,-10.341414189283462,20.0,39.92,FAIL,178,,,,,
4-fib,k8 zone0.618-0.705 eqfilt=True tgt=2xstop,4h,1.5998889774283895,3.199777954856779,480,38,-42.94114353988813,26.31578947368421,-16.31763454515749,-24.613604768913337,12,30.49040313163429,41.66666666666667,3.6588483757961088,-6.607791003341807,14.0,23.84,FAIL,173,,,,,
4-fib,k8 zone0.618-0.705 eqfilt=True tgt=3xstop,4h,1.5998889774283895,4.799666932285168,480,38,-22.749289711025757,23.684210526315788,-8.644730090189789,-22.48578277237693,12,-8.360231807729178,25.0,-1.0032278169274988,-10.19226011062801,18.0,34.08,FAIL,173,,,,,
4-fib,k8 zone0.618-0.705 eqfilt=True tgt=ext1.272,4h,1.5998889774283895,6.439974317817014,480,38,-62.14127999361216,13.157894736842104,-23.61368639757262,-34.01784166106003,12,30.69362745696708,25.0,3.6832352948360514,-10.192260110628155,20.0,39.28,FAIL,173,,,,,
4-fib,k8 zone0.705-0.79 eqfilt=False tgt=2xstop,4h,1.115762196641259,2.231524393282518,480,35,-24.65186385818774,28.57142857142857,-8.628152350365703,-12.696841993649002,11,1.2250751219321088,36.36363636363637,0.13475826341253772,-3.5207238426162237,4.0,11.652173913043478,FAIL,115,,,,,
4-fib,k8 zone0.705-0.79 eqfilt=False tgt=3xstop,4h,1.115762196641259,3.347286589923777,480,35,-31.444249993953832,20.0,-11.005487497883838,-12.958205986167073,11,44.51825048011861,36.36363636363637,4.8970075528130375,-3.520723842616159,8.0,15.565217391304348,FAIL,115,,,,,
4-fib,k8 zone0.705-0.79 eqfilt=False tgt=ext1.272,4h,1.115762196641259,7.409187959866218,480,35,-27.70727523877067,11.428571428571429,-9.69754633356974,-14.904075840962314,11,30.31034050984404,18.181818181818183,3.334137456082842,-13.217869053746215,8.0,29.304347826086957,FAIL,115,,,,,
4-fib,k8 zone0.705-0.79 eqfilt=True tgt=2xstop,4h,1.1302681628313813,2.2605363256627626,480,35,-15.685628893889069,31.428571428571427,-5.489970112861176,-10.580909092789902,11,1.3229971896640067,36.36363636363637,0.14552969086303325,-3.5490526957116963,6.0,11.91304347826087,FAIL,114,,,,,
4-fib,k8 zone0.705-0.79 eqfilt=True tgt=3xstop,4h,1.1302681628313813,3.390804488494144,480,35,-31.676172098875497,20.0,-11.086660234606427,-13.061460251614893,11,45.14354733259031,36.36363636363637,4.965790206584941,-3.5490526957117194,8.0,16.0,FAIL,114,,,,,
4-fib,k8 zone0.705-0.79 eqfilt=True tgt=ext1.272,4h,1.1302681628313813,7.587377862716988,480,35,-27.10407401890713,11.428571428571429,-9.486425906617502,-14.834199402179154,11,32.17919370942334,18.181818181818183,3.539711308036564,-13.29437052106346,10.0,29.73913043478261,FAIL,114,,,,,
5-confluence,k5 BOS-cont thresh>=0 tgt2x,1h,3.056377816485057,6.112755632970114,240,120,-26.326004582637687,32.5,-31.59120549916522,-49.84297365915495,41,-7.183970724433604,36.58536585365854,-2.94542799701778,-26.434634417900238,41.0,66.50931677018633,FAIL,1190,,,BOS-cont,0.0,5.0
5-confluence,k5 BOS-cont thresh>=0 tgt3x,1h,3.056377816485057,9.16913344945517,240,120,-12.76369452009911,28.333333333333332,-15.316433424118935,-51.44071224698473,41,-97.25353558789926,19.51219512195122,-39.8739495910387,-49.722569187236445,49.0,81.35403726708074,FAIL,1190,,,BOS-cont,0.0,5.0
5-confluence,k5 BOS-cont thresh>=1 tgt2x,1h,3.3488049277751273,6.697609855550255,240,114,-7.632815833057433,35.96491228070175,-8.701410049685476,-23.452863758953217,39,-81.51617441213061,28.205128205128204,-31.791308020730934,-38.476869519350416,41.0,66.10457516339869,FAIL,869,,,BOS-cont,1.0,5.0
5-confluence,k5 BOS-cont thresh>=1 tgt3x,1h,3.3488049277751273,10.046414783325382,240,114,32.65559931260172,31.57894736842105,37.227383216365965,-28.318134131014457,39,-108.0313994296754,20.51282051282051,-42.13224577757341,-50.43841036280738,54.0,78.43137254901961,FAIL,869,,,BOS-cont,1.0,5.0
5-confluence,k5 BOS-cont thresh>=2 tgt2x,1h,3.7889958291133725,7.577991658226745,240,61,2.9377835427578667,37.704918032786885,1.7920479610822992,-32.97264831551254,24,19.52716714599281,37.5,4.686520115038273,-19.511374696323145,39.0,68.03529411764706,SURVIVOR,232,,,BOS-cont,2.0,5.0
5-confluence,k5 BOS-cont thresh>=2 tgt3x,1h,3.7889958291133725,11.366987487340118,240,61,-15.071661151421335,31.147540983606557,-9.193713302367012,-44.602019271333845,24,-125.35413640929698,20.833333333333336,-30.084992738231275,-37.572945826656344,58.0,86.85882352941177,FAIL,232,,,BOS-cont,2.0,5.0
5-confluence,k5 CHoCH thresh>=0 tgt2x,1h,2.7271034170827533,5.454206834165507,240,122,-44.693470106927386,27.049180327868854,-54.526033530451414,-61.89883500582063,41,-19.722299080407538,34.146341463414636,-8.086142622967085,-24.131661829700352,33.0,51.331288343558285,FAIL,1366,,,CHoCH,0.0,5.0
5-confluence,k5 CHoCH thresh>=0 tgt3x,1h,2.7271034170827533,8.18131025124826,240,122,-29.40215624892471,24.59016393442623,-35.87063062368815,-52.44342346188448,41,27.81418566856767,31.70731707317073,11.403816124112742,-21.577395968800186,34.0,63.65030674846626,FAIL,1366,,,CHoCH,0.0,5.0
5-confluence,k5 CHoCH thresh>=1 tgt2x,1h,2.8192896375730134,5.638579275146027,240,115,-18.05399659223612,33.04347826086956,-20.762096081071547,-43.342829351252654,39,26.199584279253358,38.46153846153847,10.21783786890882,-23.871313846030358,34.0,55.51298701298701,FAIL,957,,,CHoCH,1.0,5.0
5-confluence,k5 CHoCH thresh>=1 tgt3x,1h,2.8192896375730134,8.45786891271904,240,115,-16.039681949797632,26.08695652173913,-18.445634242267282,-50.65747501231379,39,-41.8126332225759,25.64102564102564,-16.306926956804602,-30.499847628628395,40.0,70.3961038961039,FAIL,957,,,CHoCH,1.0,5.0
5-confluence,k5 CHoCH thresh>=2 tgt2x,1h,2.9465719903074046,5.893143980614809,240,75,-21.832549929799352,33.33333333333333,-16.374412447349517,-29.04975182739447,27,-95.09463603476043,25.925925925925924,-25.675551729385315,-25.675551729385315,32.0,62.970588235294116,FAIL,248,,,CHoCH,2.0,5.0
5-confluence,k5 CHoCH thresh>=2 tgt3x,1h,2.9465719903074046,8.839715970922214,240,75,-12.57924175473015,28.000000000000004,-9.43443131604761,-29.66135876835877,27,-82.61952372385025,25.925925925925924,-22.307271405439565,-22.403207022631026,34.5,76.62745098039215,FAIL,248,,,CHoCH,2.0,5.0
5-confluence,k5 CHoCH thresh>=3 tgt2x,1h,1.9101726760311355,3.820345352062271,240,3,387.375284822032,100.0,11.62125854466096,-1.2002647075875716,2,84.2459948593887,50.0,1.6849198971877755,-4.343243742978282,33.0,40.8,INSUFFICIENT-SAMPLE,5,,,CHoCH,3.0,5.0
5-confluence,k5 CHoCH thresh>=3 tgt3x,1h,1.9101726760311355,5.730518028093407,240,3,593.8395425801215,100.0,17.81518627740364,-1.4795172704275736,2,-197.52086362078444,0.0,-3.950417272415685,-5.871822844713838,43.0,65.8,FAIL,5,,,CHoCH,3.0,5.0
5-confluence,k5 FIB thresh>=0 tgt2x,1h,0.49090013043964387,0.9818002608792877,240,112,-13.571864272407554,29.464285714285715,-15.200487985096455,-17.862932340900514,40,-20.841466738754935,25.0,-8.336586695501968,-9.81463962565841,1.0,3.098684210526316,FAIL,1105,,,FIB,0.0,5.0
5-confluence,k5 FIB thresh>=0 tgt3x,1h,0.49090013043964387,1.4727003913189316,240,112,-16.75939440349654,20.535714285714285,-18.770521731916123,-23.010228976228227,40,-28.116124558679303,15.0,-11.246449823471716,-13.77374802095413,1.0,4.855263157894737,FAIL,1105,,,FIB,0.0,5.0
5-confluence,k5 FIB thresh>=1 tgt2x,1h,0.49090013043964387,0.9818002608792877,240,112,-13.571864272407554,29.464285714285715,-15.200487985096455,-17.862932340900514,40,-20.841466738754935,25.0,-8.336586695501968,-9.81463962565841,1.0,3.098684210526316,FAIL,1105,,,FIB,1.0,5.0
5-confluence,k5 FIB thresh>=1 tgt3x,1h,0.49090013043964387,1.4727003913189316,240,112,-16.75939440349654,20.535714285714285,-18.770521731916123,-23.010228976228227,40,-28.116124558679303,15.0,-11.246449823471716,-13.77374802095413,1.0,4.855263157894737,FAIL,1105,,,FIB,1.0,5.0
5-confluence,k5 FIB thresh>=2 tgt2x,1h,0.48614573354978574,0.9722914670995715,240,112,-13.526521240528707,29.464285714285715,-15.149703789392156,-17.778583534149227,40,-17.197538627047287,27.500000000000004,-6.879015450818915,-8.371941682721408,0.5,3.013157894736842,FAIL,1081,,,FIB,2.0,5.0
5-confluence,k5 FIB thresh>=2 tgt3x,1h,0.48614573354978574,1.4584372006493571,240,112,-16.686764074768707,20.535714285714285,-18.689175763740952,-22.8862139881405,40,-27.942486374552438,15.0,-11.176994549820973,-13.674489363412404,1.0,4.815789473684211,FAIL,1081,,,FIB,2.0,5.0
5-confluence,k5 FIB thresh>=3 tgt2x,1h,0.5380792567241536,1.0761585134483072,240,82,-16.71841288422809,28.04878048780488,-13.709098565067034,-15.66423815750716,32,-36.6438335355744,15.625,-11.72602673138381,-12.95439173225908,1.0,3.0964912280701755,FAIL,444,,,FIB,3.0,5.0
5-confluence,k5 FIB thresh>=3 tgt3x,1h,0.5380792567241536,1.6142377701724606,240,82,-10.74325630555769,24.390243902439025,-8.80947017055731,-13.654256902188175,32,-41.51048026150403,9.375,-13.283353683681288,-14.945965555979113,1.0,4.043859649122807,FAIL,444,,,FIB,3.0,5.0
5-confluence,k5 FVG thresh>=0 tgt2x,1h,0.25379649335858123,0.5075929867171625,240,134,-8.044873129228842,33.582089552238806,-10.780129993166643,-12.61610609063723,46,-14.279285107795578,26.08695652173913,-6.568471149585964,-6.5684711495859665,0.0,1.1333333333333333,FAIL,4905,,,FVG,0.0,5.0
5-confluence,k5 FVG thresh>=0 tgt3x,1h,0.25379649335858123,0.7613894800757437,240,134,-8.443324229343272,25.37313432835821,-11.314054467319979,-14.032157156972817,46,-10.279512794244708,23.91304347826087,-4.728575885352571,-4.728575885352566,0.0,1.45,FAIL,4905,,,FVG,0.0,5.0
5-confluence,k5 FVG thresh>=1 tgt2x,1h,0.25379649335858123,0.5075929867171625,240,134,-8.044873129228842,33.582089552238806,-10.780129993166643,-12.61610609063723,46,-14.279285107795578,26.08695652173913,-6.568471149585964,-6.5684711495859665,0.0,1.1333333333333333,FAIL,4905,,,FVG,1.0,5.0
5-confluence,k5 FVG thresh>=1 tgt3x,1h,0.25379649335858123,0.7613894800757437,240,134,-8.443324229343272,25.37313432835821,-11.314054467319979,-14.032157156972817,46,-10.279512794244708,23.91304347826087,-4.728575885352571,-4.728575885352566,0.0,1.45,FAIL,4905,,,FVG,1.0,5.0
5-confluence,k5 FVG thresh>=2 tgt2x,1h,0.2580567206945955,0.516113441389191,240,131,-12.551310635104263,27.480916030534353,-16.442216931986586,-17.84840506222373,45,-4.912664088823335,37.77777777777778,-2.210698839970504,-4.725769430658266,0.0,0.6761363636363636,FAIL,2997,,,FVG,2.0,5.0
5-confluence,k5 FVG thresh>=2 tgt3x,1h,0.2580567206945955,0.7741701620837865,240,131,-10.148484755013246,23.66412213740458,-13.294515029067355,-14.786174023368426,45,-4.957367707014095,28.888888888888886,-2.230815468156344,-5.390439744096952,0.0,1.0795454545454546,FAIL,2997,,,FVG,2.0,5.0
5-confluence,k5 FVG thresh>=3 tgt2x,1h,0.25,0.5,240,104,-15.091761910759784,24.03846153846154,-15.695432387190177,-16.54461290616679,39,-12.614302736857962,28.205128205128204,-4.919578067374609,-5.3497017518717715,0.0,0.6853146853146853,FAIL,690,,,FVG,3.0,5.0
5-confluence,k5 FVG thresh>=3 tgt3x,1h,0.25,0.75,240,104,-10.815713242874626,23.076923076923077,-11.24834177258961,-12.783987811499175,39,-8.536313552213986,25.64102564102564,-3.3291622853634517,-5.052502025539804,0.0,0.958041958041958,FAIL,690,,,FVG,3.0,5.0
5-confluence,k5 ANY thresh>=0 tgt2x,1h,0.4965606580333156,0.9931213160666312,240,136,-8.67906621314502,33.088235294117645,-11.803530049877232,-16.584945635246477,47,8.922101453828912,44.680851063829785,4.193387683299599,-4.443291286639979,1.0,3.5136612021857925,FAIL,8128,,,ANY,0.0,5.0
5-confluence,k5 ANY thresh>=0 tgt3x,1h,0.4965606580333156,1.489681974099947,240,136,-8.985566297949685,25.0,-12.22037016521157,-19.326494274193582,47,0.21716487550672375,29.78723404255319,0.10206749148815586,-5.616067959356558,2.0,4.830601092896175,FAIL,8128,,,ANY,0.0,5.0
5-confluence,k5 ANY thresh>=1 tgt2x,1h,0.43262654503167935,0.8652530900633587,240,136,-16.873154050181423,25.735294117647058,-22.947489508246733,-26.513997243347465,46,-20.85370039533522,23.91304347826087,-9.592702181854207,-10.955391500107,1.0,2.659340659340659,FAIL,7510,,,ANY,1.0,5.0
5-confluence,k5 ANY thresh>=1 tgt3x,1h,0.43262654503167935,1.2978796350950381,240,136,-14.420719074270623,21.323529411764707,-19.612177941008046,-23.53433628171858,46,-18.724329469952547,19.565217391304348,-8.613191556178169,-11.74079693870545,1.0,3.0714285714285716,FAIL,7510,,,ANY,1.0,5.0
5-confluence,k5 ANY thresh>=2 tgt2x,1h,0.37181028186268295,0.7436205637253659,240,133,-10.14609241950837,31.57894736842105,-13.494302917946133,-15.7940402875199,45,-30.299351283941036,13.333333333333334,-13.63470807777346,-13.634708077773466,1.0,2.241573033707865,FAIL,4412,,,ANY,2.0,5.0
5-confluence,k5 ANY thresh>=2 tgt3x,1h,0.37181028186268295,1.1154308455880488,240,133,-8.158153693201896,25.563909774436087,-10.850344411958524,-13.660400215168645,45,-32.05895954202925,8.88888888888889,-14.426531793913167,-14.426531793913163,1.0,2.769662921348315,FAIL,4412,,,ANY,2.0,5.0
5-confluence,k5 ANY thresh>=3 tgt2x,1h,0.3545387651347916,0.7090775302695832,240,108,-14.804939825609852,26.851851851851855,-15.989335011658646,-18.52159391070261,40,-6.8322560237885686,35.0,-2.7329024095154253,-6.026029458717926,0.0,1.6283783783783783,FAIL,1068,,,ANY,3.0,5.0
5-confluence,k5 ANY thresh>=3 tgt3x,1h,0.3545387651347916,1.0636162954043749,240,108,-13.891634856084373,21.296296296296298,-15.00296564457112,-16.98829466574444,40,-12.898748278749963,22.5,-5.159499311499982,-7.607079153880834,1.0,2.364864864864865,FAIL,1068,,,ANY,3.0,5.0
5-confluence,k8 BOS-cont thresh>=0 tgt2x,1h,3.848376842308063,7.696753684616126,240,112,-15.988731478602663,37.5,-17.907379256034982,-49.29053526673733,38,2.7571361418379783,39.473684210526315,1.0477117338984376,-39.677812666306565,56.0,84.98666666666666,FAIL,952,,,BOS-cont,0.0,8.0
5-confluence,k8 BOS-cont thresh>=0 tgt3x,1h,3.848376842308063,11.545130526924188,240,112,-4.514302770386913,33.035714285714285,-5.056019102833343,-45.09738885997846,38,-76.35144414439164,31.57894736842105,-29.013548774868823,-52.88488218425845,69.5,100.07333333333334,FAIL,952,,,BOS-cont,0.0,8.0
5-confluence,k8 BOS-cont thresh>=1 tgt2x,1h,4.036731536734255,8.07346307346851,240,106,55.78076065360441,43.39622641509434,59.12760629282068,-27.176907805463845,38,-56.04474276536786,36.84210526315789,-21.297002250839792,-40.9488042157579,63.5,93.93055555555556,FAIL,702,,,BOS-cont,1.0,8.0
5-confluence,k8 BOS-cont thresh>=1 tgt3x,1h,4.036731536734255,12.110194610202765,240,106,56.67022659335082,37.735849056603776,60.07044018895187,-37.06399237494342,38,-108.44321719998051,31.57894736842105,-41.2084225359926,-53.91051454621405,88.0,111.70833333333333,FAIL,702,,,BOS-cont,1.0,8.0
5-confluence,k8 BOS-cont thresh>=2 tgt2x,1h,4.342247531175665,8.68449506235133,240,58,43.47136844155522,43.103448275862064,25.213393696102028,-29.13757243331615,24,-174.39513081491114,20.833333333333336,-41.85483139557867,-44.02488100522154,64.5,92.28048780487805,FAIL,178,,,BOS-cont,2.0,8.0
5-confluence,k8 BOS-cont thresh>=2 tgt3x,1h,4.342247531175665,13.026742593526993,240,58,22.149567764063313,36.206896551724135,12.846749303156724,-33.90603419787232,24,-154.88342843140495,20.833333333333336,-37.17202282353719,-41.78764368200099,91.5,105.0609756097561,FAIL,178,,,BOS-cont,2.0,8.0
5-confluence,k8 CHoCH thresh>=0 tgt2x,1h,3.5760385794979297,7.152077158995859,240,115,-29.820778299604513,33.04347826086956,-34.29389504454519,-46.54850901000806,39,-77.0350598811133,28.205128205128204,-30.043673353634183,-33.01905079127528,57.0,83.53246753246754,FAIL,1025,,,CHoCH,0.0,8.0
5-confluence,k8 CHoCH thresh>=0 tgt3x,1h,3.5760385794979297,10.72811573849379,240,115,-33.34561826394082,28.695652173913043,-38.34746100353195,-49.02553861636437,39,-47.4769384462999,25.64102564102564,-18.51600599405696,-30.20716606943902,65.5,97.41558441558442,FAIL,1025,,,CHoCH,0.0,8.0
5-confluence,k8 CHoCH thresh>=1 tgt2x,1h,3.8319496203188645,7.663899240637729,240,107,1.535748318211067,36.44859813084112,1.643250700485832,-49.12071186876968,36,7.640699983344701,36.11111111111111,2.750651994004083,-21.92728490130543,52.0,86.07692307692308,SURVIVOR,721,,,CHoCH,1.0,8.0
5-confluence,k8 CHoCH thresh>=1 tgt3x,1h,3.8319496203188645,11.495848860956594,240,107,31.105779889623737,34.57943925233645,33.2831844818974,-46.49905483035831,36,-87.51399113893422,22.22222222222222,-31.505036810016318,-36.89205465164417,83.0,107.8041958041958,FAIL,721,,,CHoCH,1.0,8.0
5-confluence,k8 CHoCH thresh>=2 tgt2x,1h,4.231173906508342,8.462347813016684,240,52,15.450717516009998,40.38461538461539,8.034373108325198,-30.57558816761505,24,72.50509176624412,41.66666666666667,17.401222023898598,-27.613246851943263,67.5,95.82894736842105,SURVIVOR,172,,,CHoCH,2.0,8.0
5-confluence,k8 CHoCH thresh>=2 tgt3x,1h,4.231173906508342,12.693521719525027,240,52,-34.031984213487355,34.61538461538461,-17.696631791013427,-40.16384581558763,24,73.7684528342251,33.33333333333333,17.704428680214022,-28.873042433134362,89.0,112.8157894736842,FAIL,172,,,CHoCH,2.0,8.0
5-confluence,k8 FIB thresh>=0 tgt2x,1h,0.6244250868826771,1.2488501737653541,240,114,-13.179315165302524,30.701754385964914,-15.024419288444879,-19.43656796308034,36,-13.993092571660732,30.555555555555557,-5.03751332579786,-10.73186902393433,2.0,4.78,FAIL,983,,,FIB,0.0,8.0
5-confluence,k8 FIB thresh>=0 tgt3x,1h,0.6244250868826771,1.8732752606480312,240,114,-14.31108719334866,22.807017543859647,-16.314639400417473,-22.82899491571743,36,-2.5828685843395456,27.77777777777778,-0.9298326903622312,-10.527118943615147,2.0,6.846666666666667,FAIL,983,,,FIB,0.0,8.0
5-confluence,k8 FIB thresh>=1 tgt2x,1h,0.6244250868826771,1.2488501737653541,240,114,-13.179315165302524,30.701754385964914,-15.024419288444879,-19.43656796308034,36,-13.993092571660732,30.555555555555557,-5.03751332579786,-10.73186902393433,2.0,4.78,FAIL,983,,,FIB,1.0,8.0
5-confluence,k8 FIB thresh>=1 tgt3x,1h,0.6244250868826771,1.8732752606480312,240,114,-14.31108719334866,22.807017543859647,-16.314639400417473,-22.82899491571743,36,-2.5828685843395456,27.77777777777778,-0.9298326903622312,-10.527118943615147,2.0,6.846666666666667,FAIL,983,,,FIB,1.0,8.0
5-confluence,k8 FIB thresh>=2 tgt2x,1h,0.6283652364653397,1.2567304729306794,240,113,-12.743262905266057,30.973451327433626,-14.399887082950647,-18.895077282107593,36,-13.999005022116357,30.555555555555557,-5.0396418079618925,-10.782012105932836,2.0,4.550335570469799,FAIL,968,,,FIB,2.0,8.0
5-confluence,k8 FIB thresh>=2 tgt3x,1h,0.6283652364653397,1.885095709396019,240,113,-13.878564207468349,23.008849557522122,-15.68277755443923,-22.311357691683593,36,-2.5162450368513114,27.77777777777778,-0.9058482132664691,-10.57736479094196,2.0,6.4630872483221475,FAIL,968,,,FIB,2.0,8.0
5-confluence,k8 FIB thresh>=3 tgt2x,1h,0.6702725444352111,1.3405450888704222,240,76,-22.1801788689343,26.31578947368421,-16.856935940390073,-19.528377554062487,29,-33.595571451809704,20.689655172413794,-9.742715721024819,-11.816975427962198,2.0,3.4952380952380953,FAIL,380,,,FIB,3.0,8.0
5-confluence,k8 FIB thresh>=3 tgt3x,1h,0.6702725444352111,2.010817633305633,240,76,-22.9898221173612,19.736842105263158,-17.472264809194517,-22.6875437216235,29,-38.26210459485522,13.793103448275861,-11.09601033250801,-14.265869004022758,2.0,4.857142857142857,FAIL,380,,,FIB,3.0,8.0
5-confluence,k8 FVG thresh>=0 tgt2x,1h,0.25379649335858123,0.5075929867171625,240,134,-8.044873129228842,33.582089552238806,-10.780129993166643,-12.61610609063723,46,-14.279285107795578,26.08695652173913,-6.568471149585964,-6.5684711495859665,0.0,1.1333333333333333,FAIL,4905,,,FVG,0.0,8.0
5-confluence,k8 FVG thresh>=0 tgt3x,1h,0.25379649335858123,0.7613894800757437,240,134,-8.443324229343272,25.37313432835821,-11.314054467319979,-14.032157156972817,46,-10.279512794244708,23.91304347826087,-4.728575885352571,-4.728575885352566,0.0,1.45,FAIL,4905,,,FVG,0.0,8.0
5-confluence,k8 FVG thresh>=1 tgt2x,1h,0.25379649335858123,0.5075929867171625,240,134,-8.044873129228842,33.582089552238806,-10.780129993166643,-12.61610609063723,46,-14.279285107795578,26.08695652173913,-6.568471149585964,-6.5684711495859665,0.0,1.1333333333333333,FAIL,4905,,,FVG,1.0,8.0
5-confluence,k8 FVG thresh>=1 tgt3x,1h,0.25379649335858123,0.7613894800757437,240,134,-8.443324229343272,25.37313432835821,-11.314054467319979,-14.032157156972817,46,-10.279512794244708,23.91304347826087,-4.728575885352571,-4.728575885352566,0.0,1.45,FAIL,4905,,,FVG,1.0,8.0
5-confluence,k8 FVG thresh>=2 tgt2x,1h,0.2572377435597998,0.5144754871195996,240,132,-14.763051329688295,24.242424242424242,-19.487227755188552,-21.19954810966143,44,-9.833840864047033,31.818181818181817,-4.326889980180693,-4.4249899254236436,0.0,0.8238636363636364,FAIL,2979,,,FVG,2.0,8.0
5-confluence,k8 FVG thresh>=2 tgt3x,1h,0.2572377435597998,0.7717132306793993,240,132,-11.711415749833453,21.96969696969697,-15.459068789780162,-18.482169613350745,44,-9.168174646758292,25.0,-4.03399684457365,-4.128852504545776,0.0,1.2897727272727273,FAIL,2979,,,FVG,2.0,8.0
5-confluence,k8 FVG thresh>=3 tgt2x,1h,0.25,0.5,240,98,-11.997790223597729,28.57142857142857,-11.757834419125778,-13.016668834457212,39,-16.57642911223602,23.076923076923077,-6.46480735377205,-7.519084453364522,0.0,0.6788321167883211,FAIL,683,,,FVG,3.0,8.0
5-confluence,k8 FVG thresh>=3 tgt3x,1h,0.25,0.75,240,98,-6.580740113471193,27.55102040816326,-6.449125311201764,-9.851986075669206,39,-13.764062033355097,20.51282051282051,-5.367984193008491,-6.1317563273167615,0.0,0.9854014598540146,FAIL,683,,,FVG,3.0,8.0
5-confluence,k8 ANY thresh>=0 tgt2x,1h,0.4721568019124939,0.9443136038249877,240,136,-19.378267174918392,24.264705882352942,-26.35444335788901,-27.453657564249124,46,-6.667437628360344,34.78260869565217,-3.0670213090457588,-5.8464451414784815,1.0,2.60989010989011,FAIL,7514,,,ANY,0.0,8.0
5-confluence,k8 ANY thresh>=0 tgt3x,1h,0.4721568019124939,1.4164704057374817,240,136,-16.314542355227694,20.588235294117645,-22.18777760310966,-24.415256992358447,46,-11.331519222821083,23.91304347826087,-5.212498842497704,-5.635999798421098,1.0,3.379120879120879,FAIL,7514,,,ANY,0.0,8.0
5-confluence,k8 ANY thresh>=1 tgt2x,1h,0.4192631672847294,0.8385263345694588,240,136,-15.94719781917075,26.47058823529412,-21.688189034072224,-22.730525401781257,46,-20.404499898107566,23.91304347826087,-9.386069953129484,-11.509273948884845,0.0,2.5934065934065935,FAIL,7057,,,ANY,1.0,8.0
5-confluence,k8 ANY thresh>=1 tgt3x,1h,0.4192631672847294,1.2577895018541883,240,136,-15.400175983442034,20.588235294117645,-20.944239337481164,-22.99061025734011,46,-21.73036012322447,17.391304347826086,-9.995965656683259,-11.90366139944295,1.0,3.1483516483516483,FAIL,7057,,,ANY,1.0,8.0
5-confluence,k8 ANY thresh>=2 tgt2x,1h,0.37883762767734086,0.7576752553546817,240,134,-8.919297466332226,32.83582089552239,-11.95185860488518,-15.339195113479759,45,-11.283442764148559,31.11111111111111,-5.077549243866852,-8.17202324198568,1.0,2.1675977653631286,FAIL,4178,,,ANY,2.0,8.0
5-confluence,k8 ANY thresh>=2 tgt3x,1h,0.37883762767734086,1.1365128830320226,240,134,-8.480474918224845,25.37313432835821,-11.36383639042129,-14.739799453352726,45,-13.425106951247614,22.22222222222222,-6.041298128061423,-11.148628874966853,1.0,2.905027932960894,FAIL,4178,,,ANY,2.0,8.0
5-confluence,k8 ANY thresh>=3 tgt2x,1h,0.4117039546888036,0.8234079093776072,240,101,-9.538106942804601,32.67326732673268,-9.63348801223265,-12.866998128977711,39,-12.022654831535105,30.76923076923077,-4.688835384298695,-6.378747561652538,1.0,2.1714285714285713,FAIL,1012,,,ANY,3.0,8.0
5-confluence,k8 ANY thresh>=3 tgt3x,1h,0.4117039546888036,1.2351118640664107,240,101,-9.769859969069753,24.752475247524753,-9.867558568760447,-15.905802924352376,39,-20.90378887505507,17.94871794871795,-8.152477661271472,-10.157989379647347,1.0,2.842857142857143,FAIL,1012,,,ANY,3.0,8.0
